disease,method,seed,fold,npos,auroc,auprc
me_cfs,meta_abs_z,0,0,401,0.4990854153147307,0.02843500462560101
me_cfs,rwr,0,0,401,0.7931902985074627,0.12901559212242822
me_cfs,logreg,0,0,401,0.6825214957819598,0.058333269911325404
me_cfs,mlp,0,0,401,0.6781452790395848,0.043058463469557315
me_cfs,gcn,0,0,401,0.7526808890330954,0.13243612799326834
me_cfs,sage,0,0,401,0.7317123621025308,0.09311294455845369
me_cfs,sage_rwr,0,0,401,0.7964268332251786,0.11503752293390634
me_cfs,meta_abs_z,0,1,401,0.5347217715768982,0.04231675172945783
me_cfs,rwr,0,1,401,0.8166267845554834,0.13493155152325437
me_cfs,logreg,0,1,401,0.7276261356262168,0.06555043078289308
me_cfs,mlp,0,1,401,0.7118003731343283,0.04861553228871766
me_cfs,gcn,0,1,401,0.7898057268007787,0.1369525310879124
me_cfs,sage,0,1,401,0.7831481181051265,0.12344746340664993
me_cfs,sage_rwr,0,1,401,0.8031148604802076,0.11216279647887928
me_cfs,meta_abs_z,0,2,401,0.45143981181051274,0.024070996540252403
me_cfs,rwr,0,2,401,0.8312986696950033,0.16939696006271973
me_cfs,logreg,0,2,401,0.6809437865022713,0.04466043731174804
me_cfs,mlp,0,2,401,0.695398685918235,0.049590925440988975
me_cfs,gcn,0,2,401,0.7761356262167424,0.14748043285950266
me_cfs,sage,0,2,401,0.78859912394549,0.11773384002213269
me_cfs,sage_rwr,0,2,401,0.8221163205710578,0.1615500791906395
me_cfs,meta_abs_z,0,3,401,0.4649524565136379,0.023583106578184493
me_cfs,rwr,0,3,401,0.7937979091284295,0.15652221162530455
me_cfs,logreg,0,3,401,0.6863131659193544,0.06061411413552867
me_cfs,mlp,0,3,401,0.6859865924563533,0.0473452348216491
me_cfs,gcn,0,3,401,0.723710836228417,0.13382317360120335
me_cfs,sage,0,3,401,0.7372786613292942,0.11894309921686709
me_cfs,sage_rwr,0,3,401,0.7799616125917109,0.15150243428467952
me_cfs,meta_abs_z,0,4,401,0.4781503570269393,0.02417023266648722
me_cfs,rwr,0,4,401,0.8022760467380723,0.11856799859111328
me_cfs,logreg,0,4,401,0.6767749918857514,0.040463371934849765
me_cfs,mlp,0,4,401,0.6743366601752678,0.03880481828649585
me_cfs,gcn,0,4,401,0.7692327977929243,0.10658224736305161
me_cfs,sage,0,4,401,0.7499249432002598,0.09254245385422566
me_cfs,sage_rwr,0,4,401,0.7851894677052904,0.12254987091889226
me_cfs,meta_abs_z,1,0,401,0.5103281148604802,0.02741605146613312
me_cfs,rwr,1,0,401,0.8331095879299157,0.15790636593173024
me_cfs,logreg,1,0,401,0.6955994484101233,0.04724583339257938
me_cfs,mlp,1,0,401,0.7013708630759247,0.04681213228858122
me_cfs,gcn,1,0,401,0.8214795587280985,0.15106621771345746
me_cfs,sage,1,0,401,0.828155418559377,0.1502719240401424
me_cfs,sage_rwr,1,0,401,0.8209036340038935,0.16340632700764335
me_cfs,meta_abs_z,1,1,401,0.4898442569759896,0.03439143018132802
me_cfs,rwr,1,1,401,0.799961469824789,0.15602283680560255
me_cfs,logreg,1,1,401,0.6854153147306943,0.06698874558734096
me_cfs,mlp,1,1,401,0.6788570733290072,0.04200450470590114
me_cfs,gcn,1,1,401,0.7357762816353017,0.12464540219781249
me_cfs,sage,1,1,401,0.7458671317326411,0.09525348750689008
me_cfs,sage_rwr,1,1,401,0.7870335820895521,0.12492585088111566
me_cfs,meta_abs_z,1,2,401,0.44056416288124595,0.023421720633962903
me_cfs,rwr,1,2,401,0.8157304510058403,0.12506860766302533
me_cfs,logreg,1,2,401,0.6805219824789097,0.055925332511236533
me_cfs,mlp,1,2,401,0.6945064081765088,0.0453935524339124
me_cfs,gcn,1,2,401,0.7825559701492537,0.11231405679645813
me_cfs,sage,1,2,401,0.7687824464633355,0.1200448679027013
me_cfs,sage_rwr,1,2,401,0.7899497079818301,0.10694574828224718
me_cfs,meta_abs_z,1,3,401,0.5161343318867933,0.02808974027994609
me_cfs,rwr,1,3,401,0.7627914618069329,0.14049018370883404
me_cfs,logreg,1,3,401,0.6635231466455096,0.03992321872117934
me_cfs,mlp,1,3,401,0.6645289127708256,0.04333348350628269
me_cfs,gcn,1,3,401,0.7178164857489753,0.08721155882398984
me_cfs,sage,1,3,401,0.7391038663893797,0.08540627713227333
me_cfs,sage_rwr,1,3,401,0.7501793148769238,0.11494404672523521
me_cfs,meta_abs_z,1,4,401,0.46935451152223306,0.029590677148687045
me_cfs,rwr,1,4,401,0.8074711944173969,0.13523452200004024
me_cfs,logreg,1,4,401,0.7242940603700098,0.05977009675866657
me_cfs,mlp,1,4,401,0.7025803310613437,0.04557655868170607
me_cfs,gcn,1,4,401,0.7835138753651412,0.12649787282265884
me_cfs,sage,1,4,401,0.7916828951639079,0.15444502554483422
me_cfs,sage_rwr,1,4,401,0.7907375851996105,0.10987350475972843
