disease,gene,score,known_ot,mu,z,p,q,I2,k
me_cfs,NES,0.010412049,False,-2.1015,-4.6129,3.9714e-06,0.022948,0.0,2.0
me_cfs,PLEC,0.009730018,False,2.9701,3.9622,7.4259e-05,0.046201,0.0,1.0
me_cfs,WDR26,0.0009078604,False,2.2444,4.8078,1.5261e-06,0.022948,0.0,2.0
me_cfs,WIPF2,0.00025193006,False,1.6329,3.8554,0.00011555,0.047062,0.0,2.0
me_cfs,RTF1,0.00024448676,False,1.7527,4.0532,5.0521e-05,0.046201,0.0,2.0
me_cfs,MTPN,8.435978e-05,False,2.889,3.9095,9.248e-05,0.046895,0.0,1.0
me_cfs,SCN10A,6.608475e-05,False,-3.2002,-4.1,4.1317e-05,0.046201,0.0,1.0
me_cfs,ARF3,5.618225e-05,False,1.9495,4.3807,1.1829e-05,0.032279,0.0,2.0
me_cfs,WDFY3,4.447553e-05,False,1.6746,3.937,8.2514e-05,0.046201,0.0,2.0
me_cfs,KCNC3,2.4229295e-05,False,-1.7172,-4.0117,6.0293e-05,0.046201,0.0,2.0
me_cfs,PTGER1,1.4923246e-05,False,-1.8414,-4.2117,2.5344e-05,0.046201,0.0,2.0
me_cfs,SLC10A1,9.002031e-06,False,-4.3272,-4.5817,4.6132e-06,0.022948,0.0,1.0
me_cfs,NELFA,7.726668e-06,False,3.1305,4.06,4.9071e-05,0.046201,0.0,1.0
me_cfs,RPL36,7.139486e-06,False,-1.7382,-4.0483,5.1594e-05,0.046201,0.0,2.0
me_cfs,MLPH,5.8820283e-06,False,-3.0957,-4.0395,5.357e-05,0.046201,1.0,1.0
me_cfs,CSN3,5.0914264e-06,False,-3.1902,-4.0944,4.2331e-05,0.046201,0.0,1.0
me_cfs,GDF3,2.60527e-06,False,-3.0468,-4.01,6.0713e-05,0.046201,0.0,1.0
me_cfs,OPHN1,1.1372451e-06,False,-2.8439,-3.8792,0.00010479,0.046895,1.0,1.0
me_cfs,SLCO2A1,9.559571e-07,False,-2.9399,-3.9429,8.0517e-05,0.046201,0.0,1.0
me_cfs,RSBN1L,8.313007e-07,False,-3.2287,-4.116,3.8559e-05,0.046201,0.0,1.0
me_cfs,COQ3,6.8150115e-07,False,-1.6483,-3.8886,0.00010083,0.046895,0.0,2.0
me_cfs,ATN1,3.609617e-07,False,-2.8051,-3.8526,0.00011687,0.047062,0.0,1.0
me_cfs,TBC1D25,3.380907e-07,False,3.0934,4.0381,5.388e-05,0.046201,0.0,1.0
me_cfs,TRUB2,1.6007392e-07,False,-2.8383,-3.8754,0.00010644,0.046895,0.0,1.0
me_cfs,MBD5,9.069708e-08,False,-1.6418,-3.8821,0.00010356,0.046895,0.0,2.0
me_cfs,UQCC2,6.516447e-08,False,-2.9399,-3.9429,8.0517e-05,0.046201,0.0,1.0
me_cfs,UGT3A1,2.7714265e-08,False,2.8805,3.9039,9.4661e-05,0.046895,0.0,1.0
me_cfs,BARX2,7.6017725e-09,False,-2.8319,-3.871,0.00010839,0.046895,0.0,1.0
me_cfs,ZNF793,2.0768613e-09,False,-4.2983,-4.5724,4.8217e-06,0.022948,0.0,1.0
me_cfs,MT1G,1.6162598e-10,False,-2.9418,-3.9441,8.0103e-05,0.046201,0.0,1.0
