gsm,label
GSM402241,control
GSM402242,case
GSM402243,control
GSM402244,case
GSM402245,control
GSM402246,
GSM402247,control
GSM402248,
GSM402249,case
GSM402250,control
GSM402251,case
GSM402252,control
GSM402253,case
GSM402254,control
GSM402255,case
GSM402256,control
GSM402257,case
GSM402258,control
GSM402259,case
GSM402260,control
GSM402261,control
GSM402262,case
GSM402263,
GSM402264,control
GSM402265,control
GSM402266,case
GSM402267,
GSM402268,control
GSM402269,control
GSM402270,case
GSM402271,control
GSM402272,case
GSM402273,control
GSM402274,case
GSM402275,case
GSM402276,control
GSM402277,
GSM402278,control
GSM402279,control
GSM402280,case
GSM402281,case
GSM402282,control
GSM402283,case
GSM402284,control
GSM402285,
GSM402286,control
GSM402287,case
GSM402288,control
GSM402289,case
GSM402290,control
GSM402291,case
GSM402292,control
GSM402293,control
GSM402294,case
GSM402295,case
GSM402296,control
GSM402297,control
GSM402298,case
GSM402299,
GSM402300,control
GSM402301,control
GSM402302,case
GSM402303,control
GSM402304,
GSM402305,control
GSM402306,
GSM402307,control
GSM402308,case
GSM402309,control
GSM402310,case
GSM402311,case
GSM402312,control
GSM402313,
GSM402314,control
GSM402315,
GSM402316,control
GSM402317,case
GSM402318,control
GSM402319,case
GSM402320,control
GSM402321,case
GSM402322,control
GSM402323,case
GSM402324,control
GSM402325,control
GSM402326,case
GSM402327,
GSM402328,control
