accession,source,role
GSE14577,GEO series,me_cfs:discovery
GSE16059,GEO series,me_cfs:validation
GSE293840,GEO series and raw count matrix,me_cfs:P29 fixed-panel blood-to-plasma cfRNA transport
GSM8891375,GEO individually fetched GSM full-text record,me_cfs:P29 plasma cfRNA raw-count column and phenotype record; nested in GSE293840; not independent cohort
GSM8891376,GEO individually fetched GSM full-text record,me_cfs:P29 plasma cfRNA raw-count column and phenotype record; nested in GSE293840; not independent cohort
GSM8891377,GEO individually fetched GSM full-text record,me_cfs:P29 plasma cfRNA raw-count column and phenotype record; nested in GSE293840; not independent cohort
GSM8891378,GEO individually fetched GSM full-text record,me_cfs:P29 plasma cfRNA raw-count column and phenotype record; nested in GSE293840; not independent cohort
GSM8891379,GEO individually fetched GSM full-text record,me_cfs:P29 plasma cfRNA raw-count column and phenotype record; nested in GSE293840; not independent cohort
GSM8891380,GEO individually fetched GSM full-text record,me_cfs:P29 plasma cfRNA raw-count column and phenotype record; nested in GSE293840; not independent cohort
GSM8891381,GEO individually fetched GSM full-text record,me_cfs:P29 plasma cfRNA raw-count column and phenotype record; nested in GSE293840; not independent cohort
GSM8891382,GEO individually fetched GSM full-text record,me_cfs:P29 plasma cfRNA raw-count column and phenotype record; nested in GSE293840; not independent cohort
GSM8891383,GEO individually fetched GSM full-text record,me_cfs:P29 plasma cfRNA raw-count column and phenotype record; nested in GSE293840; not independent cohort
GSM8891384,GEO individually fetched GSM full-text record,me_cfs:P29 plasma cfRNA raw-count column and phenotype record; nested in GSE293840; not independent cohort
GSM8891385,GEO individually fetched GSM full-text record,me_cfs:P29 plasma cfRNA raw-count column and phenotype record; nested in GSE293840; not independent cohort
GSM8891386,GEO individually fetched GSM full-text record,me_cfs:P29 plasma cfRNA raw-count column and phenotype record; nested in GSE293840; not independent cohort
GSM8891387,GEO individually fetched GSM full-text record,me_cfs:P29 plasma cfRNA raw-count column and phenotype record; nested in GSE293840; not independent cohort
GSM8891388,GEO individually fetched GSM full-text record,me_cfs:P29 plasma cfRNA raw-count column and phenotype record; nested in GSE293840; not independent cohort
GSM8891389,GEO individually fetched GSM full-text record,me_cfs:P29 plasma cfRNA raw-count column and phenotype record; nested in GSE293840; not independent cohort
GSM8891390,GEO individually fetched GSM full-text record,me_cfs:P29 plasma cfRNA raw-count column and phenotype record; nested in GSE293840; not independent cohort
GSM8891391,GEO individually fetched GSM full-text record,me_cfs:P29 plasma cfRNA raw-count column and phenotype record; nested in GSE293840; not independent cohort
GSM8891392,GEO individually fetched GSM full-text record,me_cfs:P29 plasma cfRNA raw-count column and phenotype record; nested in GSE293840; not independent cohort
GSM8891393,GEO individually fetched GSM full-text record,me_cfs:P29 plasma cfRNA raw-count column and phenotype record; nested in GSE293840; not independent cohort
GSM8891394,GEO individually fetched GSM full-text record,me_cfs:P29 plasma cfRNA raw-count column and phenotype record; nested in GSE293840; not independent cohort
GSM8891395,GEO individually fetched GSM full-text record,me_cfs:P29 plasma cfRNA raw-count column and phenotype record; nested in GSE293840; not independent cohort
GSM8891396,GEO individually fetched GSM full-text record,me_cfs:P29 plasma cfRNA raw-count column and phenotype record; nested in GSE293840; not independent cohort
GSM8891397,GEO individually fetched GSM full-text record,me_cfs:P29 plasma cfRNA raw-count column and phenotype record; nested in GSE293840; not independent cohort
GSM8891398,GEO individually fetched GSM full-text record,me_cfs:P29 plasma cfRNA raw-count column and phenotype record; nested in GSE293840; not independent cohort
GSM8891399,GEO individually fetched GSM full-text record,me_cfs:P29 plasma cfRNA raw-count column and phenotype record; nested in GSE293840; not independent cohort
GSM8891400,GEO individually fetched GSM full-text record,me_cfs:P29 plasma cfRNA raw-count column and phenotype record; nested in GSE293840; not independent cohort
GSM8891401,GEO individually fetched GSM full-text record,me_cfs:P29 plasma cfRNA raw-count column and phenotype record; nested in GSE293840; not independent cohort
GSM8891402,GEO individually fetched GSM full-text record,me_cfs:P29 plasma cfRNA raw-count column and phenotype record; nested in GSE293840; not independent cohort
GSM8891403,GEO individually fetched GSM full-text record,me_cfs:P29 plasma cfRNA raw-count column and phenotype record; nested in GSE293840; not independent cohort
GSM8891404,GEO individually fetched GSM full-text record,me_cfs:P29 plasma cfRNA raw-count column and phenotype record; nested in GSE293840; not independent cohort
GSM8891405,GEO individually fetched GSM full-text record,me_cfs:P29 plasma cfRNA raw-count column and phenotype record; nested in GSE293840; not independent cohort
GSM8891406,GEO individually fetched GSM full-text record,me_cfs:P29 plasma cfRNA raw-count column and phenotype record; nested in GSE293840; not independent cohort
GSM8891407,GEO individually fetched GSM full-text record,me_cfs:P29 plasma cfRNA raw-count column and phenotype record; nested in GSE293840; not independent cohort
GSM8891408,GEO individually fetched GSM full-text record,me_cfs:P29 plasma cfRNA raw-count column and phenotype record; nested in GSE293840; not independent cohort
GSM8891409,GEO individually fetched GSM full-text record,me_cfs:P29 plasma cfRNA raw-count column and phenotype record; nested in GSE293840; not independent cohort
GSM8891410,GEO individually fetched GSM full-text record,me_cfs:P29 plasma cfRNA raw-count column and phenotype record; nested in GSE293840; not independent cohort
GSM8891411,GEO individually fetched GSM full-text record,me_cfs:P29 plasma cfRNA raw-count column and phenotype record; nested in GSE293840; not independent cohort
GSM8891412,GEO individually fetched GSM full-text record,me_cfs:P29 plasma cfRNA raw-count column and phenotype record; nested in GSE293840; not independent cohort
GSM8891413,GEO individually fetched GSM full-text record,me_cfs:P29 plasma cfRNA raw-count column and phenotype record; nested in GSE293840; not independent cohort
GSM8891414,GEO individually fetched GSM full-text record,me_cfs:P29 plasma cfRNA raw-count column and phenotype record; nested in GSE293840; not independent cohort
GSM8891415,GEO individually fetched GSM full-text record,me_cfs:P29 plasma cfRNA raw-count column and phenotype record; nested in GSE293840; not independent cohort
GSM8891416,GEO individually fetched GSM full-text record,me_cfs:P29 plasma cfRNA raw-count column and phenotype record; nested in GSE293840; not independent cohort
GSM8891417,GEO individually fetched GSM full-text record,me_cfs:P29 plasma cfRNA raw-count column and phenotype record; nested in GSE293840; not independent cohort
GSM8891418,GEO individually fetched GSM full-text record,me_cfs:P29 plasma cfRNA raw-count column and phenotype record; nested in GSE293840; not independent cohort
GSM8891419,GEO individually fetched GSM full-text record,me_cfs:P29 plasma cfRNA raw-count column and phenotype record; nested in GSE293840; not independent cohort
GSM8891420,GEO individually fetched GSM full-text record,me_cfs:P29 plasma cfRNA raw-count column and phenotype record; nested in GSE293840; not independent cohort
GSM8891421,GEO individually fetched GSM full-text record,me_cfs:P29 plasma cfRNA raw-count column and phenotype record; nested in GSE293840; not independent cohort
GSM8891422,GEO individually fetched GSM full-text record,me_cfs:P29 plasma cfRNA raw-count column and phenotype record; nested in GSE293840; not independent cohort
GSM8891423,GEO individually fetched GSM full-text record,me_cfs:P29 plasma cfRNA raw-count column and phenotype record; nested in GSE293840; not independent cohort
GSM8891424,GEO individually fetched GSM full-text record,me_cfs:P29 plasma cfRNA raw-count column and phenotype record; nested in GSE293840; not independent cohort
GSM8891425,GEO individually fetched GSM full-text record,me_cfs:P29 plasma cfRNA raw-count column and phenotype record; nested in GSE293840; not independent cohort
GSM8891426,GEO individually fetched GSM full-text record,me_cfs:P29 plasma cfRNA raw-count column and phenotype record; nested in GSE293840; not independent cohort
GSM8891427,GEO individually fetched GSM full-text record,me_cfs:P29 plasma cfRNA raw-count column and phenotype record; nested in GSE293840; not independent cohort
GSM8891428,GEO individually fetched GSM full-text record,me_cfs:P29 plasma cfRNA raw-count column and phenotype record; nested in GSE293840; not independent cohort
GSM8891429,GEO individually fetched GSM full-text record,me_cfs:P29 plasma cfRNA raw-count column and phenotype record; nested in GSE293840; not independent cohort
GSM8891430,GEO individually fetched GSM full-text record,me_cfs:P29 plasma cfRNA raw-count column and phenotype record; nested in GSE293840; not independent cohort
GSM8891431,GEO individually fetched GSM full-text record,me_cfs:P29 plasma cfRNA raw-count column and phenotype record; nested in GSE293840; not independent cohort
GSM8891432,GEO individually fetched GSM full-text record,me_cfs:P29 plasma cfRNA raw-count column and phenotype record; nested in GSE293840; not independent cohort
GSM8891433,GEO individually fetched GSM full-text record,me_cfs:P29 plasma cfRNA raw-count column and phenotype record; nested in GSE293840; not independent cohort
GSM8891434,GEO individually fetched GSM full-text record,me_cfs:P29 plasma cfRNA raw-count column and phenotype record; nested in GSE293840; not independent cohort
GSM8891435,GEO individually fetched GSM full-text record,me_cfs:P29 plasma cfRNA raw-count column and phenotype record; nested in GSE293840; not independent cohort
GSM8891436,GEO individually fetched GSM full-text record,me_cfs:P29 plasma cfRNA raw-count column and phenotype record; nested in GSE293840; not independent cohort
GSM8891437,GEO individually fetched GSM full-text record,me_cfs:P29 plasma cfRNA raw-count column and phenotype record; nested in GSE293840; not independent cohort
GSM8891438,GEO individually fetched GSM full-text record,me_cfs:P29 plasma cfRNA raw-count column and phenotype record; nested in GSE293840; not independent cohort
GSM8891439,GEO individually fetched GSM full-text record,me_cfs:P29 plasma cfRNA raw-count column and phenotype record; nested in GSE293840; not independent cohort
GSM8891440,GEO individually fetched GSM full-text record,me_cfs:P29 plasma cfRNA raw-count column and phenotype record; nested in GSE293840; not independent cohort
GSM8891441,GEO individually fetched GSM full-text record,me_cfs:P29 plasma cfRNA raw-count column and phenotype record; nested in GSE293840; not independent cohort
GSM8891442,GEO individually fetched GSM full-text record,me_cfs:P29 plasma cfRNA raw-count column and phenotype record; nested in GSE293840; not independent cohort
GSM8891443,GEO individually fetched GSM full-text record,me_cfs:P29 plasma cfRNA raw-count column and phenotype record; nested in GSE293840; not independent cohort
GSM8891444,GEO individually fetched GSM full-text record,me_cfs:P29 plasma cfRNA raw-count column and phenotype record; nested in GSE293840; not independent cohort
GSM8891445,GEO individually fetched GSM full-text record,me_cfs:P29 plasma cfRNA raw-count column and phenotype record; nested in GSE293840; not independent cohort
GSM8891446,GEO individually fetched GSM full-text record,me_cfs:P29 plasma cfRNA raw-count column and phenotype record; nested in GSE293840; not independent cohort
GSM8891447,GEO individually fetched GSM full-text record,me_cfs:P29 plasma cfRNA raw-count column and phenotype record; nested in GSE293840; not independent cohort
GSM8891448,GEO individually fetched GSM full-text record,me_cfs:P29 plasma cfRNA raw-count column and phenotype record; nested in GSE293840; not independent cohort
GSM8891449,GEO individually fetched GSM full-text record,me_cfs:P29 plasma cfRNA raw-count column and phenotype record; nested in GSE293840; not independent cohort
GSM8891450,GEO individually fetched GSM full-text record,me_cfs:P29 plasma cfRNA raw-count column and phenotype record; nested in GSE293840; not independent cohort
GSM8891451,GEO individually fetched GSM full-text record,me_cfs:P29 plasma cfRNA raw-count column and phenotype record; nested in GSE293840; not independent cohort
GSM8891452,GEO individually fetched GSM full-text record,me_cfs:P29 plasma cfRNA raw-count column and phenotype record; nested in GSE293840; not independent cohort
GSM8891453,GEO individually fetched GSM full-text record,me_cfs:P29 plasma cfRNA raw-count column and phenotype record; nested in GSE293840; not independent cohort
GSM8891454,GEO individually fetched GSM full-text record,me_cfs:P29 plasma cfRNA raw-count column and phenotype record; nested in GSE293840; not independent cohort
GSM8891455,GEO individually fetched GSM full-text record,me_cfs:P29 plasma cfRNA raw-count column and phenotype record; nested in GSE293840; not independent cohort
GSM8891456,GEO individually fetched GSM full-text record,me_cfs:P29 plasma cfRNA raw-count column and phenotype record; nested in GSE293840; not independent cohort
GSM8891457,GEO individually fetched GSM full-text record,me_cfs:P29 plasma cfRNA raw-count column and phenotype record; nested in GSE293840; not independent cohort
GSM8891458,GEO individually fetched GSM full-text record,me_cfs:P29 plasma cfRNA raw-count column and phenotype record; nested in GSE293840; not independent cohort
GSM8891459,GEO individually fetched GSM full-text record,me_cfs:P29 plasma cfRNA raw-count column and phenotype record; nested in GSE293840; not independent cohort
GSM8891460,GEO individually fetched GSM full-text record,me_cfs:P29 plasma cfRNA raw-count column and phenotype record; nested in GSE293840; not independent cohort
GSM8891461,GEO individually fetched GSM full-text record,me_cfs:P29 plasma cfRNA raw-count column and phenotype record; nested in GSE293840; not independent cohort
GSM8891462,GEO individually fetched GSM full-text record,me_cfs:P29 plasma cfRNA raw-count column and phenotype record; nested in GSE293840; not independent cohort
GSM8891463,GEO individually fetched GSM full-text record,me_cfs:P29 plasma cfRNA raw-count column and phenotype record; nested in GSE293840; not independent cohort
GSM8891464,GEO individually fetched GSM full-text record,me_cfs:P29 plasma cfRNA raw-count column and phenotype record; nested in GSE293840; not independent cohort
GSM8891465,GEO individually fetched GSM full-text record,me_cfs:P29 plasma cfRNA raw-count column and phenotype record; nested in GSE293840; not independent cohort
GSM8891466,GEO individually fetched GSM full-text record,me_cfs:P29 plasma cfRNA raw-count column and phenotype record; nested in GSE293840; not independent cohort
GSM8891467,GEO individually fetched GSM full-text record,me_cfs:P29 plasma cfRNA raw-count column and phenotype record; nested in GSE293840; not independent cohort
GSM8891468,GEO individually fetched GSM full-text record,me_cfs:P29 plasma cfRNA raw-count column and phenotype record; nested in GSE293840; not independent cohort
GSM8891469,GEO individually fetched GSM full-text record,me_cfs:P29 plasma cfRNA raw-count column and phenotype record; nested in GSE293840; not independent cohort
GSM8891470,GEO individually fetched GSM full-text record,me_cfs:P29 plasma cfRNA raw-count column and phenotype record; nested in GSE293840; not independent cohort
GSM8891471,GEO individually fetched GSM full-text record,me_cfs:P29 plasma cfRNA raw-count column and phenotype record; nested in GSE293840; not independent cohort
GSM8891472,GEO individually fetched GSM full-text record,me_cfs:P29 plasma cfRNA raw-count column and phenotype record; nested in GSE293840; not independent cohort
GSM8891473,GEO individually fetched GSM full-text record,me_cfs:P29 plasma cfRNA raw-count column and phenotype record; nested in GSE293840; not independent cohort
GSM8891474,GEO individually fetched GSM full-text record,me_cfs:P29 plasma cfRNA raw-count column and phenotype record; nested in GSE293840; not independent cohort
GSM8891475,GEO individually fetched GSM full-text record,me_cfs:P29 plasma cfRNA raw-count column and phenotype record; nested in GSE293840; not independent cohort
GSM8891476,GEO individually fetched GSM full-text record,me_cfs:P29 plasma cfRNA raw-count column and phenotype record; nested in GSE293840; not independent cohort
GSM8891477,GEO individually fetched GSM full-text record,me_cfs:P29 plasma cfRNA raw-count column and phenotype record; nested in GSE293840; not independent cohort
GSM8891478,GEO individually fetched GSM full-text record,me_cfs:P29 plasma cfRNA raw-count column and phenotype record; nested in GSE293840; not independent cohort
GSM8891479,GEO individually fetched GSM full-text record,me_cfs:P29 plasma cfRNA raw-count column and phenotype record; nested in GSE293840; not independent cohort
GSM8891480,GEO individually fetched GSM full-text record,me_cfs:P29 plasma cfRNA raw-count column and phenotype record; nested in GSE293840; not independent cohort
GSM8891481,GEO individually fetched GSM full-text record,me_cfs:P29 plasma cfRNA raw-count column and phenotype record; nested in GSE293840; not independent cohort
GSM8891482,GEO individually fetched GSM full-text record,me_cfs:P29 plasma cfRNA raw-count column and phenotype record; nested in GSE293840; not independent cohort
GSM8891483,GEO individually fetched GSM full-text record,me_cfs:P29 plasma cfRNA raw-count column and phenotype record; nested in GSE293840; not independent cohort
GSM8891484,GEO individually fetched GSM full-text record,me_cfs:P29 plasma cfRNA raw-count column and phenotype record; nested in GSE293840; not independent cohort
GSM8891485,GEO individually fetched GSM full-text record,me_cfs:P29 plasma cfRNA raw-count column and phenotype record; nested in GSE293840; not independent cohort
GSM8891486,GEO individually fetched GSM full-text record,me_cfs:P29 plasma cfRNA raw-count column and phenotype record; nested in GSE293840; not independent cohort
GSM8891487,GEO individually fetched GSM full-text record,me_cfs:P29 plasma cfRNA raw-count column and phenotype record; nested in GSE293840; not independent cohort
GSM8891488,GEO individually fetched GSM full-text record,me_cfs:P29 plasma cfRNA raw-count column and phenotype record; nested in GSE293840; not independent cohort
GSM8891489,GEO individually fetched GSM full-text record,me_cfs:P29 plasma cfRNA raw-count column and phenotype record; nested in GSE293840; not independent cohort
GSM8891490,GEO individually fetched GSM full-text record,me_cfs:P29 plasma cfRNA raw-count column and phenotype record; nested in GSE293840; not independent cohort
GSM8891491,GEO individually fetched GSM full-text record,me_cfs:P29 plasma cfRNA raw-count column and phenotype record; nested in GSE293840; not independent cohort
GSM8891492,GEO individually fetched GSM full-text record,me_cfs:P29 plasma cfRNA raw-count column and phenotype record; nested in GSE293840; not independent cohort
GSM8891493,GEO individually fetched GSM full-text record,me_cfs:P29 plasma cfRNA raw-count column and phenotype record; nested in GSE293840; not independent cohort
GSM8891494,GEO individually fetched GSM full-text record,me_cfs:P29 plasma cfRNA raw-count column and phenotype record; nested in GSE293840; not independent cohort
GSM8891495,GEO individually fetched GSM full-text record,me_cfs:P29 plasma cfRNA raw-count column and phenotype record; nested in GSE293840; not independent cohort
GSM8891496,GEO individually fetched GSM full-text record,me_cfs:P29 plasma cfRNA raw-count column and phenotype record; nested in GSE293840; not independent cohort
GSM8891497,GEO individually fetched GSM full-text record,me_cfs:P29 plasma cfRNA raw-count column and phenotype record; nested in GSE293840; not independent cohort
GSM8891498,GEO individually fetched GSM full-text record,me_cfs:P29 plasma cfRNA raw-count column and phenotype record; nested in GSE293840; not independent cohort
GSM8891499,GEO individually fetched GSM full-text record,me_cfs:P29 plasma cfRNA raw-count column and phenotype record; nested in GSE293840; not independent cohort
GSM8891500,GEO individually fetched GSM full-text record,me_cfs:P29 plasma cfRNA raw-count column and phenotype record; nested in GSE293840; not independent cohort
GSM8891501,GEO individually fetched GSM full-text record,me_cfs:P29 plasma cfRNA raw-count column and phenotype record; nested in GSE293840; not independent cohort
GSM8891502,GEO individually fetched GSM full-text record,me_cfs:P29 plasma cfRNA raw-count column and phenotype record; nested in GSE293840; not independent cohort
GSM8891503,GEO individually fetched GSM full-text record,me_cfs:P29 plasma cfRNA raw-count column and phenotype record; nested in GSE293840; not independent cohort
GSM8891504,GEO individually fetched GSM full-text record,me_cfs:P29 plasma cfRNA raw-count column and phenotype record; nested in GSE293840; not independent cohort
GSM8891505,GEO individually fetched GSM full-text record,me_cfs:P29 plasma cfRNA raw-count column and phenotype record; nested in GSE293840; not independent cohort
GSM8891506,GEO individually fetched GSM full-text record,me_cfs:P29 plasma cfRNA raw-count column and phenotype record; nested in GSE293840; not independent cohort
GSM8891507,GEO individually fetched GSM full-text record,me_cfs:P29 plasma cfRNA raw-count column and phenotype record; nested in GSE293840; not independent cohort
GSM8891508,GEO individually fetched GSM full-text record,me_cfs:P29 plasma cfRNA raw-count column and phenotype record; nested in GSE293840; not independent cohort
GSM8891509,GEO individually fetched GSM full-text record,me_cfs:P29 plasma cfRNA raw-count column and phenotype record; nested in GSE293840; not independent cohort
GSM8891510,GEO individually fetched GSM full-text record,me_cfs:P29 plasma cfRNA raw-count column and phenotype record; nested in GSE293840; not independent cohort
GSM8891511,GEO individually fetched GSM full-text record,me_cfs:P29 plasma cfRNA raw-count column and phenotype record; nested in GSE293840; not independent cohort
GSM8891512,GEO individually fetched GSM full-text record,me_cfs:P29 plasma cfRNA raw-count column and phenotype record; nested in GSE293840; not independent cohort
GSM8891513,GEO individually fetched GSM full-text record,me_cfs:P29 plasma cfRNA raw-count column and phenotype record; nested in GSE293840; not independent cohort
GSM8891514,GEO individually fetched GSM full-text record,me_cfs:P29 plasma cfRNA raw-count column and phenotype record; nested in GSE293840; not independent cohort
GSM8891515,GEO individually fetched GSM full-text record,me_cfs:P29 plasma cfRNA raw-count column and phenotype record; nested in GSE293840; not independent cohort
GSM8891516,GEO individually fetched GSM full-text record,me_cfs:P29 plasma cfRNA raw-count column and phenotype record; nested in GSE293840; not independent cohort
GSM8891517,GEO individually fetched GSM full-text record,me_cfs:P29 plasma cfRNA raw-count column and phenotype record; nested in GSE293840; not independent cohort
GSM8891518,GEO individually fetched GSM full-text record,me_cfs:P29 plasma cfRNA raw-count column and phenotype record; nested in GSE293840; not independent cohort
GSM8891519,GEO individually fetched GSM full-text record,me_cfs:P29 plasma cfRNA raw-count column and phenotype record; nested in GSE293840; not independent cohort
GSM8891520,GEO individually fetched GSM full-text record,me_cfs:P29 plasma cfRNA raw-count column and phenotype record; nested in GSE293840; not independent cohort
GSM8891521,GEO individually fetched GSM full-text record,me_cfs:P29 plasma cfRNA raw-count column and phenotype record; nested in GSE293840; not independent cohort
GSM8891522,GEO individually fetched GSM full-text record,me_cfs:P29 plasma cfRNA raw-count column and phenotype record; nested in GSE293840; not independent cohort
GSM8891523,GEO individually fetched GSM full-text record,me_cfs:P29 plasma cfRNA raw-count column and phenotype record; nested in GSE293840; not independent cohort
GSM8891524,GEO individually fetched GSM full-text record,me_cfs:P29 plasma cfRNA raw-count column and phenotype record; nested in GSE293840; not independent cohort
GSM8891525,GEO individually fetched GSM full-text record,me_cfs:P29 plasma cfRNA raw-count column and phenotype record; nested in GSE293840; not independent cohort
GSM8891526,GEO individually fetched GSM full-text record,me_cfs:P29 plasma cfRNA raw-count column and phenotype record; nested in GSE293840; not independent cohort
GSM8891527,GEO individually fetched GSM full-text record,me_cfs:P29 plasma cfRNA raw-count column and phenotype record; nested in GSE293840; not independent cohort
GSM8891528,GEO individually fetched GSM full-text record,me_cfs:P29 plasma cfRNA raw-count column and phenotype record; nested in GSE293840; not independent cohort
GSM8891529,GEO individually fetched GSM full-text record,me_cfs:P29 plasma cfRNA raw-count column and phenotype record; nested in GSE293840; not independent cohort
GSM8891530,GEO individually fetched GSM full-text record,me_cfs:P29 plasma cfRNA raw-count column and phenotype record; nested in GSE293840; not independent cohort
GSM8891531,GEO individually fetched GSM full-text record,me_cfs:P29 plasma cfRNA raw-count column and phenotype record; nested in GSE293840; not independent cohort
GSM8891532,GEO individually fetched GSM full-text record,me_cfs:P29 plasma cfRNA raw-count column and phenotype record; nested in GSE293840; not independent cohort
GSM8891533,GEO individually fetched GSM full-text record,me_cfs:P29 plasma cfRNA raw-count column and phenotype record; nested in GSE293840; not independent cohort
GSM8891534,GEO individually fetched GSM full-text record,me_cfs:P29 plasma cfRNA raw-count column and phenotype record; nested in GSE293840; not independent cohort
GSM8891535,GEO individually fetched GSM full-text record,me_cfs:P29 plasma cfRNA raw-count column and phenotype record; nested in GSE293840; not independent cohort
GSM8891536,GEO individually fetched GSM full-text record,me_cfs:P29 plasma cfRNA raw-count column and phenotype record; nested in GSE293840; not independent cohort
GSM8891537,GEO individually fetched GSM full-text record,me_cfs:P29 plasma cfRNA raw-count column and phenotype record; nested in GSE293840; not independent cohort
GSM8891538,GEO individually fetched GSM full-text record,me_cfs:P29 plasma cfRNA raw-count column and phenotype record; nested in GSE293840; not independent cohort
GSM8891539,GEO individually fetched GSM full-text record,me_cfs:P29 plasma cfRNA raw-count column and phenotype record; nested in GSE293840; not independent cohort
GSM8891540,GEO individually fetched GSM full-text record,me_cfs:P29 plasma cfRNA raw-count column and phenotype record; nested in GSE293840; not independent cohort
GSM8891541,GEO individually fetched GSM full-text record,me_cfs:P29 plasma cfRNA raw-count column and phenotype record; nested in GSE293840; not independent cohort
GSM8891542,GEO individually fetched GSM full-text record,me_cfs:P29 plasma cfRNA raw-count column and phenotype record; nested in GSE293840; not independent cohort
MONDO_0005404,Open Targets disease associations,known genes me_cfs
GSE245661,GEO series and individually deposited muscle counts,me_cfs:P32 baseline muscle case-control one study
GSM7846603,GEO individually fetched GSM full-text record and muscle count file,me_cfs:P32 muscle baseline expression; nested in GSE245661; not independent cohort
GSM7846604,GEO individually fetched GSM full-text record and muscle count file,me_cfs:P32 muscle baseline expression; nested in GSE245661; not independent cohort
GSM7846605,GEO individually fetched GSM full-text record and muscle count file,me_cfs:P32 muscle baseline expression; nested in GSE245661; not independent cohort
GSM7846606,GEO individually fetched GSM full-text record and muscle count file,me_cfs:P32 muscle baseline expression; nested in GSE245661; not independent cohort
GSM7846607,GEO individually fetched GSM full-text record and muscle count file,me_cfs:P32 muscle baseline expression; nested in GSE245661; not independent cohort
GSM7846608,GEO individually fetched GSM full-text record and muscle count file,me_cfs:P32 muscle baseline expression; nested in GSE245661; not independent cohort
GSM7846609,GEO individually fetched GSM full-text record and muscle count file,me_cfs:P32 muscle baseline expression; nested in GSE245661; not independent cohort
GSM7846610,GEO individually fetched GSM full-text record and muscle count file,me_cfs:P32 muscle baseline expression; nested in GSE245661; not independent cohort
GSM7846611,GEO individually fetched GSM full-text record and muscle count file,me_cfs:P32 muscle baseline expression; nested in GSE245661; not independent cohort
GSM7846612,GEO individually fetched GSM full-text record and muscle count file,me_cfs:P32 muscle baseline expression; nested in GSE245661; not independent cohort
GSM7846613,GEO individually fetched GSM full-text record and muscle count file,me_cfs:P32 muscle baseline expression; nested in GSE245661; not independent cohort
GSM7846614,GEO individually fetched GSM full-text record and muscle count file,me_cfs:P32 muscle baseline expression; nested in GSE245661; not independent cohort
GSM7846615,GEO individually fetched GSM full-text record and muscle count file,me_cfs:P32 muscle baseline expression; nested in GSE245661; not independent cohort
GSM7846616,GEO individually fetched GSM full-text record and muscle count file,me_cfs:P32 muscle baseline expression; nested in GSE245661; not independent cohort
GSM7846617,GEO individually fetched GSM full-text record and muscle count file,me_cfs:P32 muscle baseline expression; nested in GSE245661; not independent cohort
GSM7846618,GEO individually fetched GSM full-text record and muscle count file,me_cfs:P32 muscle baseline expression; nested in GSE245661; not independent cohort
GSM7846619,GEO individually fetched GSM full-text record and muscle count file,me_cfs:P32 muscle baseline expression; nested in GSE245661; not independent cohort
GSM7846620,GEO individually fetched GSM full-text record and muscle count file,me_cfs:P32 muscle baseline expression; nested in GSE245661; not independent cohort
GSM7846621,GEO individually fetched GSM full-text record and muscle count file,me_cfs:P32 muscle baseline expression; nested in GSE245661; not independent cohort
GSM7846622,GEO individually fetched GSM full-text record and muscle count file,me_cfs:P32 muscle baseline expression; nested in GSE245661; not independent cohort
GSM7846623,GEO individually fetched GSM full-text record and muscle count file,me_cfs:P32 muscle baseline expression; nested in GSE245661; not independent cohort
GSM7846624,GEO individually fetched GSM full-text record and muscle count file,me_cfs:P32 muscle baseline expression; nested in GSE245661; not independent cohort
GSM7846625,GEO individually fetched GSM full-text record and muscle count file,me_cfs:P32 muscle baseline expression; nested in GSE245661; not independent cohort
GSM7846626,GEO individually fetched GSM full-text record and muscle count file,me_cfs:P32 muscle baseline expression; nested in GSE245661; not independent cohort
GSM7846627,GEO individually fetched GSM full-text record and muscle count file,me_cfs:P32 muscle baseline expression; nested in GSE245661; not independent cohort
GSE236402,GEO fetched series and integer raw-count matrix,me_cfs:P41 six patient D1 plasma particle stress; D2 repeats excluded
GSM7531148,GEO individually fetched GSM full-text record,"me_cfs:P41 case D1-preCPET; nested in GSE236402, 12 libraries from six people"
GSM7531149,GEO individually fetched GSM full-text record,"me_cfs:P41 case D2-24hPostCPET; nested in GSE236402, 12 libraries from six people"
GSM7531151,GEO individually fetched GSM full-text record,"me_cfs:P41 control D1-preCPET; nested in GSE236402, 12 libraries from six people"
GSM7531152,GEO individually fetched GSM full-text record,"me_cfs:P41 control D2-24hPostCPET; nested in GSE236402, 12 libraries from six people"
GSM7531153,GEO individually fetched GSM full-text record,"me_cfs:P41 case D1-preCPET; nested in GSE236402, 12 libraries from six people"
GSM7531154,GEO individually fetched GSM full-text record,"me_cfs:P41 case D2-24hPostCPET; nested in GSE236402, 12 libraries from six people"
GSM7531155,GEO individually fetched GSM full-text record,"me_cfs:P41 control D1-preCPET; nested in GSE236402, 12 libraries from six people"
GSM7531156,GEO individually fetched GSM full-text record,"me_cfs:P41 control D2-24hPostCPET; nested in GSE236402, 12 libraries from six people"
GSM7531157,GEO individually fetched GSM full-text record,"me_cfs:P41 case D1-preCPET; nested in GSE236402, 12 libraries from six people"
GSM7531158,GEO individually fetched GSM full-text record,"me_cfs:P41 case D2-24hPostCPET; nested in GSE236402, 12 libraries from six people"
GSM7531159,GEO individually fetched GSM full-text record,"me_cfs:P41 control D1-preCPET; nested in GSE236402, 12 libraries from six people"
GSM7531161,GEO individually fetched GSM full-text record,"me_cfs:P41 control D2-24hPostCPET; nested in GSE236402, 12 libraries from six people"
