gsm,column,subject,timepoint,group,sha256,url
GSM7531148,COR-1433-D1,COR-1433,D1-preCPET,case,b35e849d6caa8aff8ccef4b8d766c5c50295f8adfc55a8908e2b12e944921c89,https://www.ncbi.nlm.nih.gov/geo/query/acc.cgi?acc=GSM7531148&targ=self&form=text&view=full
GSM7531149,COR-1433-D2,COR-1433,D2-24hPostCPET,case,c71783e0f5682425443edb9d93e30c55e9aba0b37c3647831062a02bc85aeda4,https://www.ncbi.nlm.nih.gov/geo/query/acc.cgi?acc=GSM7531149&targ=self&form=text&view=full
GSM7531151,COR-1726-D1,COR-1726,D1-preCPET,control,132a3bbed835b20f7ac1f25c067e932192f935430272f878998e3e8d80095020,https://www.ncbi.nlm.nih.gov/geo/query/acc.cgi?acc=GSM7531151&targ=self&form=text&view=full
GSM7531152,COR-1726-D2,COR-1726,D2-24hPostCPET,control,9b286883b70f8cef23dcd21af154f879a7a7f2e6574f8ebdbabc0fdd96cd65c3,https://www.ncbi.nlm.nih.gov/geo/query/acc.cgi?acc=GSM7531152&targ=self&form=text&view=full
GSM7531153,COR-2349-D1,COR-2349,D1-preCPET,case,8cde88a85b4c3db401e0f5293a4fd270648020a1da8d597e73c8522ff0bfe2da,https://www.ncbi.nlm.nih.gov/geo/query/acc.cgi?acc=GSM7531153&targ=self&form=text&view=full
GSM7531154,COR-2349-D2,COR-2349,D2-24hPostCPET,case,980bc4d190f041ac17e92cf73bcca3ddaf5a5d3d94a73f3ba18975d8c45c6a9d,https://www.ncbi.nlm.nih.gov/geo/query/acc.cgi?acc=GSM7531154&targ=self&form=text&view=full
GSM7531155,COR-3013-D1,COR-3013,D1-preCPET,control,ab3a742f2208236ad7d38f67387334f12d493dfbd7c4cace0efd47c82db73e4f,https://www.ncbi.nlm.nih.gov/geo/query/acc.cgi?acc=GSM7531155&targ=self&form=text&view=full
GSM7531156,COR-3013-D2,COR-3013,D2-24hPostCPET,control,d0039ecb13a7a004b3c546358e08ab1f99bfc55f1f857c71efafcf44509029ff,https://www.ncbi.nlm.nih.gov/geo/query/acc.cgi?acc=GSM7531156&targ=self&form=text&view=full
GSM7531157,COR-4614-D1,COR-4614,D1-preCPET,case,74332099ecec6c02064bee178f888fbac8fd9fff35dd21c43d30fc59c5f1f114,https://www.ncbi.nlm.nih.gov/geo/query/acc.cgi?acc=GSM7531157&targ=self&form=text&view=full
GSM7531158,COR-4614-D2,COR-4614,D2-24hPostCPET,case,a7c35525353aac6d2a4b598fc324eeed5efe7a32e59a772bc011dd29938b6283,https://www.ncbi.nlm.nih.gov/geo/query/acc.cgi?acc=GSM7531158&targ=self&form=text&view=full
GSM7531159,COR-5587-D1,COR-5587,D1-preCPET,control,76abc03a73e31bb940a63c0a92f3e0fc24eec89b8a1fd6567d496a5e670f20b8,https://www.ncbi.nlm.nih.gov/geo/query/acc.cgi?acc=GSM7531159&targ=self&form=text&view=full
GSM7531161,COR-5587-D2,COR-5587,D2-24hPostCPET,control,8ffb01be9ea64c1cc5b5b70b8fd35f758f863783b942197b3f5d8c9633c3959a,https://www.ncbi.nlm.nih.gov/geo/query/acc.cgi?acc=GSM7531161&targ=self&form=text&view=full
