accession,series,column,title,phenotype,batch,site,sex,sha256,url
GSM8891375,GSE293840,cfs_cfrna_1,"Plasma cell-free RNA, RNA seq for subject: cfs_cfrna_001, healthy control",phenotype: control,batch: 2023.08.25,"test site: Los Angeles, CA",Sex: female,b4732baada73cb8e8dc7bc3af3fffc0cac11f31c13f0d810df6cad6dcaf45791,https://www.ncbi.nlm.nih.gov/geo/query/acc.cgi?acc=GSM8891375&targ=self&form=text&view=full
GSM8891376,GSE293840,cfs_cfrna_2,"Plasma cell-free RNA, RNA seq for subject: cfs_cfrna_002, healthy control",phenotype: control,batch: 2023.08.25,"test site: New York City, NY",Sex: female,36d12b185cce0b4df03a7f5e2e251c2e0ef88bfed7ff11d84effc07f7c212c85,https://www.ncbi.nlm.nih.gov/geo/query/acc.cgi?acc=GSM8891376&targ=self&form=text&view=full
GSM8891377,GSE293840,cfs_cfrna_3,"Plasma cell-free RNA, RNA seq for subject: cfs_cfrna_003, healthy control",phenotype: control,batch: 2023.08.25,"test site: Ithaca, NY",Sex: female,4536cb4808fec6e9847614c20de094e6e2be21cc687434e7dd053b3608638627,https://www.ncbi.nlm.nih.gov/geo/query/acc.cgi?acc=GSM8891377&targ=self&form=text&view=full
GSM8891378,GSE293840,cfs_cfrna_4,"Plasma cell-free RNA, RNA seq for subject: cfs_cfrna_004, ME/CFS patient",phenotype: case,batch: 2023.08.25,"test site: Ithaca, NY",Sex: female,52622f0c64f8aa197cd7a1b08e17e6ff1d35da86b4f670ca3f6377c8f9aa8ed2,https://www.ncbi.nlm.nih.gov/geo/query/acc.cgi?acc=GSM8891378&targ=self&form=text&view=full
GSM8891379,GSE293840,cfs_cfrna_5,"Plasma cell-free RNA, RNA seq for subject: cfs_cfrna_005, healthy control",phenotype: control,batch: 2023.08.25,"test site: Ithaca, NY",Sex: female,fd70f9bbb59961d2e0648ec557da77ad5371a62823d167508f8b62e141908eda,https://www.ncbi.nlm.nih.gov/geo/query/acc.cgi?acc=GSM8891379&targ=self&form=text&view=full
GSM8891380,GSE293840,cfs_cfrna_6,"Plasma cell-free RNA, RNA seq for subject: cfs_cfrna_006, ME/CFS patient",phenotype: case,batch: 2023.08.25,"test site: Los Angeles, CA",Sex: male,667a8ca92a38aa94b9e252c772d2eb71c66a33f0aafaeb9681cd36e0a9931cc2,https://www.ncbi.nlm.nih.gov/geo/query/acc.cgi?acc=GSM8891380&targ=self&form=text&view=full
GSM8891381,GSE293840,cfs_cfrna_7,"Plasma cell-free RNA, RNA seq for subject: cfs_cfrna_007, healthy control",phenotype: control,batch: 2023.08.25,"test site: Ithaca, NY",Sex: male,c4401ac731f8cec2327c07e91343055c610e1f11d50dbf4e78d788fdd95904d0,https://www.ncbi.nlm.nih.gov/geo/query/acc.cgi?acc=GSM8891381&targ=self&form=text&view=full
GSM8891382,GSE293840,cfs_cfrna_8,"Plasma cell-free RNA, RNA seq for subject: cfs_cfrna_008, healthy control",phenotype: control,batch: 2023.08.25,"test site: New York City, NY",Sex: male,8ab8c00815186c68e300be1fb6ce45bb3361d523c0ec77461eb5f49c13f55117,https://www.ncbi.nlm.nih.gov/geo/query/acc.cgi?acc=GSM8891382&targ=self&form=text&view=full
GSM8891383,GSE293840,cfs_cfrna_11,"Plasma cell-free RNA, RNA seq for subject: cfs_cfrna_011, ME/CFS patient",phenotype: case,batch: 2023.08.25,"test site: Ithaca, NY",Sex: male,504747e6ef036dcbca4ff3a6dd86ca6636ebfb692d7e3ce570cec7bb09b762d4,https://www.ncbi.nlm.nih.gov/geo/query/acc.cgi?acc=GSM8891383&targ=self&form=text&view=full
GSM8891384,GSE293840,cfs_cfrna_12,"Plasma cell-free RNA, RNA seq for subject: cfs_cfrna_012, ME/CFS patient",phenotype: case,batch: 2023.08.25,"test site: Los Angeles, CA",Sex: female,b10e50914b0fdbee9e397168a2f4e197f6211e1fe7d6dd5ea7800b8d3c0f9e98,https://www.ncbi.nlm.nih.gov/geo/query/acc.cgi?acc=GSM8891384&targ=self&form=text&view=full
GSM8891385,GSE293840,cfs_cfrna_13,"Plasma cell-free RNA, RNA seq for subject: cfs_cfrna_013, ME/CFS patient",phenotype: case,batch: 2023.08.25,"test site: Ithaca, NY",Sex: female,1321f8199be067536cc62821a5bda86aa5f0ed1cb48a0dae037cc11b59976f66,https://www.ncbi.nlm.nih.gov/geo/query/acc.cgi?acc=GSM8891385&targ=self&form=text&view=full
GSM8891386,GSE293840,cfs_cfrna_14,"Plasma cell-free RNA, RNA seq for subject: cfs_cfrna_014, ME/CFS patient",phenotype: case,batch: 2023.08.25,"test site: Los Angeles, CA",Sex: female,23d60fdcf250959dfe9cae4751fe62feec76088b012da1ccd96fe111e7a97116,https://www.ncbi.nlm.nih.gov/geo/query/acc.cgi?acc=GSM8891386&targ=self&form=text&view=full
GSM8891387,GSE293840,cfs_cfrna_15,"Plasma cell-free RNA, RNA seq for subject: cfs_cfrna_015, healthy control",phenotype: control,batch: 2023.08.25,"test site: Ithaca, NY",Sex: male,b82468c13419a90ca4491a23f786500a02433e31ee73b73d9d423c97920cd2bf,https://www.ncbi.nlm.nih.gov/geo/query/acc.cgi?acc=GSM8891387&targ=self&form=text&view=full
GSM8891388,GSE293840,cfs_cfrna_16,"Plasma cell-free RNA, RNA seq for subject: cfs_cfrna_016, ME/CFS patient",phenotype: case,batch: 2023.08.25,"test site: New York City, NY",Sex: male,b141fcd58ddc39a5644bed91382daf3e8db390966555e80979a1ac629600c5a0,https://www.ncbi.nlm.nih.gov/geo/query/acc.cgi?acc=GSM8891388&targ=self&form=text&view=full
GSM8891389,GSE293840,cfs_cfrna_17,"Plasma cell-free RNA, RNA seq for subject: cfs_cfrna_017, healthy control",phenotype: control,batch: 2023.08.25,"test site: Ithaca, NY",Sex: female,916517e55743d335805bb4de19d703e5f9236a8f60b322675df54738b8681e6a,https://www.ncbi.nlm.nih.gov/geo/query/acc.cgi?acc=GSM8891389&targ=self&form=text&view=full
GSM8891390,GSE293840,cfs_cfrna_18,"Plasma cell-free RNA, RNA seq for subject: cfs_cfrna_018, ME/CFS patient",phenotype: case,batch: 2023.08.25,"test site: New York City, NY",Sex: female,70400900ab2f4e8fd3a92f936012c8ab1cc9ebe9043c02888fc8471d58b04664,https://www.ncbi.nlm.nih.gov/geo/query/acc.cgi?acc=GSM8891390&targ=self&form=text&view=full
GSM8891391,GSE293840,cfs_cfrna_21,"Plasma cell-free RNA, RNA seq for subject: cfs_cfrna_021, healthy control",phenotype: control,batch: 2023.08.25,"test site: Ithaca, NY",Sex: female,dae76cad8feb4b5d03ec14b698e6d3747d2714a83103a0e829bbe31fc56f9916,https://www.ncbi.nlm.nih.gov/geo/query/acc.cgi?acc=GSM8891391&targ=self&form=text&view=full
GSM8891392,GSE293840,cfs_cfrna_22,"Plasma cell-free RNA, RNA seq for subject: cfs_cfrna_022, healthy control",phenotype: control,batch: 2023.08.25,"test site: Ithaca, NY",Sex: male,fed27f5b1e1f473db47a6b31551c1e2024ab6c7acd303fc8ea04cf9f760ca37c,https://www.ncbi.nlm.nih.gov/geo/query/acc.cgi?acc=GSM8891392&targ=self&form=text&view=full
GSM8891393,GSE293840,cfs_cfrna_23,"Plasma cell-free RNA, RNA seq for subject: cfs_cfrna_023, ME/CFS patient",phenotype: case,batch: 2023.08.25,"test site: Ithaca, NY",Sex: female,da1b3a0a8aabf18b966bb9014a72073ef69d54e707c4bfc8dc49b01abcb22aed,https://www.ncbi.nlm.nih.gov/geo/query/acc.cgi?acc=GSM8891393&targ=self&form=text&view=full
GSM8891394,GSE293840,cfs_cfrna_24,"Plasma cell-free RNA, RNA seq for subject: cfs_cfrna_024, healthy control",phenotype: control,batch: 2023.08.25,"test site: Ithaca, NY",Sex: female,1a2c6fa937b3ebf5a33dfe831eead7edcf39de7ca85405ff434613092d2b3c81,https://www.ncbi.nlm.nih.gov/geo/query/acc.cgi?acc=GSM8891394&targ=self&form=text&view=full
GSM8891395,GSE293840,cfs_cfrna_25,"Plasma cell-free RNA, RNA seq for subject: cfs_cfrna_025, ME/CFS patient",phenotype: case,batch: 2023.08.25,"test site: Los Angeles, CA",Sex: female,87355a38e43758995d900bb98471df127126723c377d67e05b7614f04a00e6a6,https://www.ncbi.nlm.nih.gov/geo/query/acc.cgi?acc=GSM8891395&targ=self&form=text&view=full
GSM8891396,GSE293840,cfs_cfrna_26,"Plasma cell-free RNA, RNA seq for subject: cfs_cfrna_026, ME/CFS patient",phenotype: case,batch: 2023.08.25,"test site: Los Angeles, CA",Sex: female,e0b33fd42dde4450e99298823e7e23bc81c4651623669ae9637561640fe2b8bf,https://www.ncbi.nlm.nih.gov/geo/query/acc.cgi?acc=GSM8891396&targ=self&form=text&view=full
GSM8891397,GSE293840,cfs_cfrna_27,"Plasma cell-free RNA, RNA seq for subject: cfs_cfrna_027, ME/CFS patient",phenotype: case,batch: 2023.08.25,"test site: New York City, NY",Sex: female,c531313df5a39053e01a7e987c4aadc3b4dd153cbfb03c5075f07286f0969956,https://www.ncbi.nlm.nih.gov/geo/query/acc.cgi?acc=GSM8891397&targ=self&form=text&view=full
GSM8891398,GSE293840,cfs_cfrna_28,"Plasma cell-free RNA, RNA seq for subject: cfs_cfrna_028, ME/CFS patient",phenotype: case,batch: 2023.08.25,"test site: New York City, NY",Sex: male,9b8f51d13af95b99b6e64155528ddddc983ed138c62fb04891725ecd8816207a,https://www.ncbi.nlm.nih.gov/geo/query/acc.cgi?acc=GSM8891398&targ=self&form=text&view=full
GSM8891399,GSE293840,cfs_cfrna_31,"Plasma cell-free RNA, RNA seq for subject: cfs_cfrna_031, ME/CFS patient",phenotype: case,batch: 2023.08.25,"test site: New York City, NY",Sex: female,210a4da45bbe3735027f7a11585da2d6d61660cae5072f05c2d6ff334c067348,https://www.ncbi.nlm.nih.gov/geo/query/acc.cgi?acc=GSM8891399&targ=self&form=text&view=full
GSM8891400,GSE293840,cfs_cfrna_32,"Plasma cell-free RNA, RNA seq for subject: cfs_cfrna_032, healthy control",phenotype: control,batch: 2023.08.25,"test site: Ithaca, NY",Sex: male,5d04492d74396088d8fb77302ea0b6a87d0021daaa4494af121f6076f43d39d5,https://www.ncbi.nlm.nih.gov/geo/query/acc.cgi?acc=GSM8891400&targ=self&form=text&view=full
GSM8891401,GSE293840,cfs_cfrna_33,"Plasma cell-free RNA, RNA seq for subject: cfs_cfrna_033, ME/CFS patient",phenotype: case,batch: 2023.08.25,"test site: Ithaca, NY",Sex: male,e6ea9e6345d0866cd07f32ded5f7ac7aa679ce1cffd904e4579a23cbac89b9c9,https://www.ncbi.nlm.nih.gov/geo/query/acc.cgi?acc=GSM8891401&targ=self&form=text&view=full
GSM8891402,GSE293840,cfs_cfrna_34,"Plasma cell-free RNA, RNA seq for subject: cfs_cfrna_034, healthy control",phenotype: control,batch: 2023.08.25,"test site: Ithaca, NY",Sex: male,52edabe193cb2100a9cea1c188540317afbcef870b72f83cc90f583e60ce488a,https://www.ncbi.nlm.nih.gov/geo/query/acc.cgi?acc=GSM8891402&targ=self&form=text&view=full
GSM8891403,GSE293840,cfs_cfrna_35,"Plasma cell-free RNA, RNA seq for subject: cfs_cfrna_035, ME/CFS patient",phenotype: case,batch: 2023.08.25,"test site: Ithaca, NY",Sex: male,4bfb9b847c52a9813c3aec1819dd2c415412055a88fbd746da3f323b78ef7618,https://www.ncbi.nlm.nih.gov/geo/query/acc.cgi?acc=GSM8891403&targ=self&form=text&view=full
GSM8891404,GSE293840,cfs_cfrna_36,"Plasma cell-free RNA, RNA seq for subject: cfs_cfrna_036, healthy control",phenotype: control,batch: 2023.08.25,"test site: Ithaca, NY",Sex: male,b4a9125af6d20883b0c40279d35f733b27e11cd41d214a7edb360ad71562adad,https://www.ncbi.nlm.nih.gov/geo/query/acc.cgi?acc=GSM8891404&targ=self&form=text&view=full
GSM8891405,GSE293840,cfs_cfrna_37,"Plasma cell-free RNA, RNA seq for subject: cfs_cfrna_037, healthy control",phenotype: control,batch: 2023.08.25,"test site: New York City, NY",Sex: female,26bd7edeea8119b9bbc2635a893c8f9e2c3482e66c09d553a9753b3852f98437,https://www.ncbi.nlm.nih.gov/geo/query/acc.cgi?acc=GSM8891405&targ=self&form=text&view=full
GSM8891406,GSE293840,cfs_cfrna_38,"Plasma cell-free RNA, RNA seq for subject: cfs_cfrna_038, healthy control",phenotype: control,batch: 2023.08.25,"test site: Ithaca, NY",Sex: male,d4de535030b3e83c03760108ebc1358aaea49fd1c1f53806ea7119ebf6bc5616,https://www.ncbi.nlm.nih.gov/geo/query/acc.cgi?acc=GSM8891406&targ=self&form=text&view=full
GSM8891407,GSE293840,cfs_cfrna_41,"Plasma cell-free RNA, RNA seq for subject: cfs_cfrna_041, ME/CFS patient",phenotype: case,batch: 2023.08.25,"test site: Los Angeles, CA",Sex: female,0206c85d8e9b9c5cc221262ae0a294e90c15e0c946a6e170512e5a6102e4eced,https://www.ncbi.nlm.nih.gov/geo/query/acc.cgi?acc=GSM8891407&targ=self&form=text&view=full
GSM8891408,GSE293840,cfs_cfrna_42,"Plasma cell-free RNA, RNA seq for subject: cfs_cfrna_042, ME/CFS patient",phenotype: case,batch: 2023.08.25,"test site: Los Angeles, CA",Sex: female,4be589d1eb7ebcdccdda813777323279769044e66e6f09d8a64d84c17fd4e958,https://www.ncbi.nlm.nih.gov/geo/query/acc.cgi?acc=GSM8891408&targ=self&form=text&view=full
GSM8891409,GSE293840,cfs_cfrna_43,"Plasma cell-free RNA, RNA seq for subject: cfs_cfrna_043, healthy control",phenotype: control,batch: 2023.08.25,"test site: Ithaca, NY",Sex: female,34c5fb0a258d3c6de3b8b8bc8aaaa5cf4afee5d973a12b48a774c275c64ee925,https://www.ncbi.nlm.nih.gov/geo/query/acc.cgi?acc=GSM8891409&targ=self&form=text&view=full
GSM8891410,GSE293840,cfs_cfrna_44,"Plasma cell-free RNA, RNA seq for subject: cfs_cfrna_044, healthy control",phenotype: control,batch: 2023.08.25,"test site: Ithaca, NY",Sex: female,dbe0ff682a720ddbf1d1431735a0cab9a030bd14b2730f43735cd74067f4c1f4,https://www.ncbi.nlm.nih.gov/geo/query/acc.cgi?acc=GSM8891410&targ=self&form=text&view=full
GSM8891411,GSE293840,cfs_cfrna_45,"Plasma cell-free RNA, RNA seq for subject: cfs_cfrna_045, healthy control",phenotype: control,batch: 2023.08.25,"test site: Ithaca, NY",Sex: female,dffa6777bc48663a88507cbd1a80b1a238680d4f4d8c0231acf27e4d64b6bb6f,https://www.ncbi.nlm.nih.gov/geo/query/acc.cgi?acc=GSM8891411&targ=self&form=text&view=full
GSM8891412,GSE293840,cfs_cfrna_46,"Plasma cell-free RNA, RNA seq for subject: cfs_cfrna_046, ME/CFS patient",phenotype: case,batch: 2023.08.25,"test site: New York City, NY",Sex: female,07aa02ff8c0ecf8471e05d07dd03bab8e162c3b603b25676fe6db9dd66abd6f7,https://www.ncbi.nlm.nih.gov/geo/query/acc.cgi?acc=GSM8891412&targ=self&form=text&view=full
GSM8891413,GSE293840,cfs_cfrna_47,"Plasma cell-free RNA, RNA seq for subject: cfs_cfrna_047, healthy control",phenotype: control,batch: 2023.08.25,"test site: Ithaca, NY",Sex: female,3ce9e642b2d3575c7ac780ceb446ca19b59de0c82f458297cdef3be829f0512e,https://www.ncbi.nlm.nih.gov/geo/query/acc.cgi?acc=GSM8891413&targ=self&form=text&view=full
GSM8891414,GSE293840,cfs_cfrna_48,"Plasma cell-free RNA, RNA seq for subject: cfs_cfrna_048, healthy control",phenotype: control,batch: 2023.08.25,"test site: New York City, NY",Sex: female,bbbab61172a62c7dd50fc88f075caf4e7c1202cd384db2eaee8dbdbe26dfbd9e,https://www.ncbi.nlm.nih.gov/geo/query/acc.cgi?acc=GSM8891414&targ=self&form=text&view=full
GSM8891415,GSE293840,cfs_cfrna_51,"Plasma cell-free RNA, RNA seq for subject: cfs_cfrna_051, healthy control",phenotype: control,batch: 2023.08.25,"test site: Los Angeles, CA",Sex: female,93a60b9d3dc411e0fbd8579f01d75ed757e8156c67400a8a154156690a6beedd,https://www.ncbi.nlm.nih.gov/geo/query/acc.cgi?acc=GSM8891415&targ=self&form=text&view=full
GSM8891416,GSE293840,cfs_cfrna_52,"Plasma cell-free RNA, RNA seq for subject: cfs_cfrna_052, ME/CFS patient",phenotype: case,batch: 2023.08.25,"test site: Ithaca, NY",Sex: female,409dad77f11f377304b6b57918ecb0b4516fa04633d0bad82a77b2b0081871b5,https://www.ncbi.nlm.nih.gov/geo/query/acc.cgi?acc=GSM8891416&targ=self&form=text&view=full
GSM8891417,GSE293840,cfs_cfrna_53,"Plasma cell-free RNA, RNA seq for subject: cfs_cfrna_053, ME/CFS patient",phenotype: case,batch: 2023.08.25,"test site: Ithaca, NY",Sex: female,2a63c40f932898bda7528af498c92274cd21643e607d8af41ed8b3967e58f093,https://www.ncbi.nlm.nih.gov/geo/query/acc.cgi?acc=GSM8891417&targ=self&form=text&view=full
GSM8891418,GSE293840,cfs_cfrna_54,"Plasma cell-free RNA, RNA seq for subject: cfs_cfrna_054, healthy control",phenotype: control,batch: 2023.08.25,"test site: Ithaca, NY",Sex: female,f6b259044b12ae9e659e4d2f323dee7e1c089972a3a155c43aa3ad9b33fd9203,https://www.ncbi.nlm.nih.gov/geo/query/acc.cgi?acc=GSM8891418&targ=self&form=text&view=full
GSM8891419,GSE293840,cfs_cfrna_55,"Plasma cell-free RNA, RNA seq for subject: cfs_cfrna_055, healthy control",phenotype: control,batch: 2023.08.25,"test site: Ithaca, NY",Sex: male,9ea50f6bb39bccf22c45c7693b861fde6bd4b98b4f8ddf1dc6e61334f541b6f2,https://www.ncbi.nlm.nih.gov/geo/query/acc.cgi?acc=GSM8891419&targ=self&form=text&view=full
GSM8891420,GSE293840,cfs_cfrna_56,"Plasma cell-free RNA, RNA seq for subject: cfs_cfrna_056, ME/CFS patient",phenotype: case,batch: 2023.08.25,"test site: New York City, NY",Sex: female,4636bc27274865a548076a8d11178d6384f57971fb961db96021d5e07f3c0826,https://www.ncbi.nlm.nih.gov/geo/query/acc.cgi?acc=GSM8891420&targ=self&form=text&view=full
GSM8891421,GSE293840,cfs_cfrna_57,"Plasma cell-free RNA, RNA seq for subject: cfs_cfrna_057, healthy control",phenotype: control,batch: 2023.08.25,"test site: Ithaca, NY",Sex: female,f538c5f620ca54dac7b6b8900300d6ec0dfa27b2ae7dd867c8281251dbd9cdec,https://www.ncbi.nlm.nih.gov/geo/query/acc.cgi?acc=GSM8891421&targ=self&form=text&view=full
GSM8891422,GSE293840,cfs_cfrna_58,"Plasma cell-free RNA, RNA seq for subject: cfs_cfrna_058, ME/CFS patient",phenotype: case,batch: 2023.08.25,"test site: New York City, NY",Sex: female,a3d6f24f9cf97fca0f2db7d6ac1dcaf653ab702ca3277436844ed473b11884be,https://www.ncbi.nlm.nih.gov/geo/query/acc.cgi?acc=GSM8891422&targ=self&form=text&view=full
GSM8891423,GSE293840,cfs_cfrna_59,"Plasma cell-free RNA, RNA seq for subject: cfs_cfrna_059, healthy control",phenotype: control,batch: 2023.08.25,"test site: Ithaca, NY",Sex: female,9a75961d0436ef21c3907bdc73c2bd4c535f4702c236b59e079eaffd32bd4835,https://www.ncbi.nlm.nih.gov/geo/query/acc.cgi?acc=GSM8891423&targ=self&form=text&view=full
GSM8891424,GSE293840,cfs_cfrna_60,"Plasma cell-free RNA, RNA seq for subject: cfs_cfrna_060, healthy control",phenotype: control,batch: 2023.08.25,"test site: New York City, NY",Sex: female,f71d03a77e6365a5956dd99ebcdc1f2413d9f96eb4d449e211aa177bd1121e61,https://www.ncbi.nlm.nih.gov/geo/query/acc.cgi?acc=GSM8891424&targ=self&form=text&view=full
GSM8891425,GSE293840,cfs_cfrna_63,"Plasma cell-free RNA, RNA seq for subject: cfs_cfrna_063, ME/CFS patient",phenotype: case,batch: 2023.08.25,"test site: Los Angeles, CA",Sex: male,11b79f5a0b6a8f3517e204eea67e5c0b2de228a6bd300d7bd2dd5f5694c8eb0d,https://www.ncbi.nlm.nih.gov/geo/query/acc.cgi?acc=GSM8891425&targ=self&form=text&view=full
GSM8891426,GSE293840,cfs_cfrna_64,"Plasma cell-free RNA, RNA seq for subject: cfs_cfrna_064, ME/CFS patient",phenotype: case,batch: 2023.08.25,"test site: Los Angeles, CA",Sex: male,c9ece23e8b8d2b7ba7bceb39c95f983fee0a9ae8625bed85493795f5db165824,https://www.ncbi.nlm.nih.gov/geo/query/acc.cgi?acc=GSM8891426&targ=self&form=text&view=full
GSM8891427,GSE293840,cfs_cfrna_65,"Plasma cell-free RNA, RNA seq for subject: cfs_cfrna_065, ME/CFS patient",phenotype: case,batch: 2023.08.25,"test site: Los Angeles, CA",Sex: female,2499074100a5b6e63cccea64d7be092a0749c3371045c318a42e7eab762a2961,https://www.ncbi.nlm.nih.gov/geo/query/acc.cgi?acc=GSM8891427&targ=self&form=text&view=full
GSM8891428,GSE293840,cfs_cfrna_66,"Plasma cell-free RNA, RNA seq for subject: cfs_cfrna_066, healthy control",phenotype: control,batch: 2023.08.25,"test site: Ithaca, NY",Sex: female,c76611f0f7db00f2c22248c93a0217af4e57afeb95712dbdbca59c5c184b0071,https://www.ncbi.nlm.nih.gov/geo/query/acc.cgi?acc=GSM8891428&targ=self&form=text&view=full
GSM8891429,GSE293840,cfs_cfrna_67,"Plasma cell-free RNA, RNA seq for subject: cfs_cfrna_067, ME/CFS patient",phenotype: case,batch: 2023.08.25,"test site: Los Angeles, CA",Sex: female,a0d47128ff6d8f6a56497109cfec55c4cd85b89184cb81a2f589737f7832a627,https://www.ncbi.nlm.nih.gov/geo/query/acc.cgi?acc=GSM8891429&targ=self&form=text&view=full
GSM8891430,GSE293840,cfs_cfrna_68,"Plasma cell-free RNA, RNA seq for subject: cfs_cfrna_068, healthy control",phenotype: control,batch: 2023.08.25,"test site: Ithaca, NY",Sex: female,274984b97bba5ea621e29aadb672b058854f9bfa1aae44ae40c7c25b45bc27f6,https://www.ncbi.nlm.nih.gov/geo/query/acc.cgi?acc=GSM8891430&targ=self&form=text&view=full
GSM8891431,GSE293840,cfs_cfrna_69,"Plasma cell-free RNA, RNA seq for subject: cfs_cfrna_069, ME/CFS patient",phenotype: case,batch: 2023.08.25,"test site: Los Angeles, CA",Sex: female,cad9d6bc035902d22506acb063ec1c18500cf79e126f16c2dd0549dfd3a0bc87,https://www.ncbi.nlm.nih.gov/geo/query/acc.cgi?acc=GSM8891431&targ=self&form=text&view=full
GSM8891432,GSE293840,cfs_cfrna_70,"Plasma cell-free RNA, RNA seq for subject: cfs_cfrna_070, ME/CFS patient",phenotype: case,batch: 2023.08.25,"test site: Los Angeles, CA",Sex: female,507d6d7ce66165eabd15f3cbbf1542ebfb5480103f05b583c9ac8416c430fffa,https://www.ncbi.nlm.nih.gov/geo/query/acc.cgi?acc=GSM8891432&targ=self&form=text&view=full
GSM8891433,GSE293840,cfs_cfrna_71,"Plasma cell-free RNA, RNA seq for subject: cfs_cfrna_071, ME/CFS patient",phenotype: case,batch: 2023.08.25,"test site: New York City, NY",Sex: female,fc50d2c4005927917d5373239093444bdf6b68504a7ee7517742edf0030998da,https://www.ncbi.nlm.nih.gov/geo/query/acc.cgi?acc=GSM8891433&targ=self&form=text&view=full
GSM8891434,GSE293840,cfs_cfrna_72,"Plasma cell-free RNA, RNA seq for subject: cfs_cfrna_072, healthy control",phenotype: control,batch: 2023.08.25,"test site: New York City, NY",Sex: male,69804b0bf83c53b29ecb519728fc531cb64700b52a9b03e0e7948b6143b07d1a,https://www.ncbi.nlm.nih.gov/geo/query/acc.cgi?acc=GSM8891434&targ=self&form=text&view=full
GSM8891435,GSE293840,cfs_cfrna_139,"Plasma cell-free RNA, RNA seq for subject: cfs_cfrna_139, ME/CFS patient",phenotype: case,batch: 2024.03.05,"test site: New York City, NY",Sex: female,2e9e3b0d8efdae4611c5f57ad74557f2bb74fb9edc60a3b55fd0a1a676422593,https://www.ncbi.nlm.nih.gov/geo/query/acc.cgi?acc=GSM8891435&targ=self&form=text&view=full
GSM8891436,GSE293840,cfs_cfrna_140,"Plasma cell-free RNA, RNA seq for subject: cfs_cfrna_140, ME/CFS patient",phenotype: case,batch: 2024.03.05,"test site: New York City, NY",Sex: female,3a7a6023b3984e85a62cdf86cb29b5610f9255ad26fb6a502a4bc412966c8ec6,https://www.ncbi.nlm.nih.gov/geo/query/acc.cgi?acc=GSM8891436&targ=self&form=text&view=full
GSM8891437,GSE293840,cfs_cfrna_141,"Plasma cell-free RNA, RNA seq for subject: cfs_cfrna_141, ME/CFS patient",phenotype: case,batch: 2024.03.05,"test site: Los Angeles, CA",Sex: female,ba970a648361533b387b5619622d021ae860f199641780ec78bb488dde7e4dbb,https://www.ncbi.nlm.nih.gov/geo/query/acc.cgi?acc=GSM8891437&targ=self&form=text&view=full
GSM8891438,GSE293840,cfs_cfrna_142,"Plasma cell-free RNA, RNA seq for subject: cfs_cfrna_142, ME/CFS patient",phenotype: case,batch: 2024.03.05,"test site: Ithaca, NY",Sex: female,423b460dc27426962199ab2d44e6533b4f462cb8e4c1b2954e9a406c58b4d5e2,https://www.ncbi.nlm.nih.gov/geo/query/acc.cgi?acc=GSM8891438&targ=self&form=text&view=full
GSM8891439,GSE293840,cfs_cfrna_143,"Plasma cell-free RNA, RNA seq for subject: cfs_cfrna_143, healthy control",phenotype: control,batch: 2024.03.05,"test site: New York City, NY",Sex: female,9d462ea3984bff609141fb6fa3ca22d013490ea90f7c4c734827569a10153462,https://www.ncbi.nlm.nih.gov/geo/query/acc.cgi?acc=GSM8891439&targ=self&form=text&view=full
GSM8891440,GSE293840,cfs_cfrna_145,"Plasma cell-free RNA, RNA seq for subject: cfs_cfrna_145, healthy control",phenotype: control,batch: 2024.03.05,"test site: Ithaca, NY",Sex: male,e3777854169fbc0ebb9c3484bb6f1cbf0707d5f25b222ed99e66a7a94dfcb851,https://www.ncbi.nlm.nih.gov/geo/query/acc.cgi?acc=GSM8891440&targ=self&form=text&view=full
GSM8891441,GSE293840,cfs_cfrna_146,"Plasma cell-free RNA, RNA seq for subject: cfs_cfrna_146, healthy control",phenotype: control,batch: 2024.03.05,"test site: Ithaca, NY",Sex: female,60192397a2b821d114e3a83823c5071602b757692d50be040562df797d04625e,https://www.ncbi.nlm.nih.gov/geo/query/acc.cgi?acc=GSM8891441&targ=self&form=text&view=full
GSM8891442,GSE293840,cfs_cfrna_147,"Plasma cell-free RNA, RNA seq for subject: cfs_cfrna_147, healthy control",phenotype: control,batch: 2024.03.05,"test site: Ithaca, NY",Sex: female,ffd174e4160015964135916d8312c19812aace3908e33d822bcf65fc6bab0cf6,https://www.ncbi.nlm.nih.gov/geo/query/acc.cgi?acc=GSM8891442&targ=self&form=text&view=full
GSM8891443,GSE293840,cfs_cfrna_148,"Plasma cell-free RNA, RNA seq for subject: cfs_cfrna_148, ME/CFS patient",phenotype: case,batch: 2024.03.05,"test site: Los Angeles, CA",Sex: female,3bda99a9f00392e577e7bdb8233d3a08081720f14aa20e54867de23f7b947f43,https://www.ncbi.nlm.nih.gov/geo/query/acc.cgi?acc=GSM8891443&targ=self&form=text&view=full
GSM8891444,GSE293840,cfs_cfrna_150,"Plasma cell-free RNA, RNA seq for subject: cfs_cfrna_150, ME/CFS patient",phenotype: case,batch: 2024.03.05,"test site: Ithaca, NY",Sex: male,73bbae02e95f5b6f55388edc6547baf9cb0140cfee8371daecbc166015b65f2d,https://www.ncbi.nlm.nih.gov/geo/query/acc.cgi?acc=GSM8891444&targ=self&form=text&view=full
GSM8891445,GSE293840,cfs_cfrna_151,"Plasma cell-free RNA, RNA seq for subject: cfs_cfrna_151, healthy control",phenotype: control,batch: 2024.03.05,"test site: Ithaca, NY",Sex: female,866674b7a6d7427da3f470642428766075d6fe4aa4b1143f3df4a90a7773254c,https://www.ncbi.nlm.nih.gov/geo/query/acc.cgi?acc=GSM8891445&targ=self&form=text&view=full
GSM8891446,GSE293840,cfs_cfrna_152,"Plasma cell-free RNA, RNA seq for subject: cfs_cfrna_152, healthy control",phenotype: control,batch: 2024.03.05,"test site: Ithaca, NY",Sex: female,9e30cf4e9a33c4e189bf5d6dd9965a56ea44fd64ca6f08984c21062340f9bac0,https://www.ncbi.nlm.nih.gov/geo/query/acc.cgi?acc=GSM8891446&targ=self&form=text&view=full
GSM8891447,GSE293840,cfs_cfrna_153,"Plasma cell-free RNA, RNA seq for subject: cfs_cfrna_153, ME/CFS patient",phenotype: case,batch: 2024.03.05,"test site: Ithaca, NY",Sex: female,8d19796f7e6f334b56eb1b8b7b083992a4cf4275fc69cd925b157caf8c05e087,https://www.ncbi.nlm.nih.gov/geo/query/acc.cgi?acc=GSM8891447&targ=self&form=text&view=full
GSM8891448,GSE293840,cfs_cfrna_154,"Plasma cell-free RNA, RNA seq for subject: cfs_cfrna_154, ME/CFS patient",phenotype: case,batch: 2024.03.05,"test site: Los Angeles, CA",Sex: female,31a53040c3ae8e83b837d45a62a75203f3d3524cf82d07d1efa493b4cf7d0d15,https://www.ncbi.nlm.nih.gov/geo/query/acc.cgi?acc=GSM8891448&targ=self&form=text&view=full
GSM8891449,GSE293840,cfs_cfrna_155,"Plasma cell-free RNA, RNA seq for subject: cfs_cfrna_155, healthy control",phenotype: control,batch: 2024.03.05,"test site: Ithaca, NY",Sex: female,648a0e1904e9cb90992b7314eac65c97311400b2292ec86ab4c679fc7dbe7bb9,https://www.ncbi.nlm.nih.gov/geo/query/acc.cgi?acc=GSM8891449&targ=self&form=text&view=full
GSM8891450,GSE293840,cfs_cfrna_156,"Plasma cell-free RNA, RNA seq for subject: cfs_cfrna_156, ME/CFS patient",phenotype: case,batch: 2024.03.05,"test site: New York City, NY",Sex: female,f76b71deaee2fc10d7bfc940c9d9be9d27c6ff87aec086f924196b0587b578af,https://www.ncbi.nlm.nih.gov/geo/query/acc.cgi?acc=GSM8891450&targ=self&form=text&view=full
GSM8891451,GSE293840,cfs_cfrna_157,"Plasma cell-free RNA, RNA seq for subject: cfs_cfrna_157, ME/CFS patient",phenotype: case,batch: 2024.03.05,"test site: New York City, NY",Sex: female,adad188431e6c53a032cb26ef06987cf4fa3804b5dd59164daa90df0576a9b18,https://www.ncbi.nlm.nih.gov/geo/query/acc.cgi?acc=GSM8891451&targ=self&form=text&view=full
GSM8891452,GSE293840,cfs_cfrna_159,"Plasma cell-free RNA, RNA seq for subject: cfs_cfrna_159, ME/CFS patient",phenotype: case,batch: 2024.03.05,"test site: New York City, NY",Sex: female,81729b40e59f61aeda25991c3c46cb30a09eec2d3137dcfeb6fced0588d3bb54,https://www.ncbi.nlm.nih.gov/geo/query/acc.cgi?acc=GSM8891452&targ=self&form=text&view=full
GSM8891453,GSE293840,cfs_cfrna_160,"Plasma cell-free RNA, RNA seq for subject: cfs_cfrna_160, ME/CFS patient",phenotype: case,batch: 2024.03.05,"test site: New York City, NY",Sex: female,84bee0a9577f9246327a0438c74b0e743ca96b77a51a9c4599c74bd3dd3dd782,https://www.ncbi.nlm.nih.gov/geo/query/acc.cgi?acc=GSM8891453&targ=self&form=text&view=full
GSM8891454,GSE293840,cfs_cfrna_161,"Plasma cell-free RNA, RNA seq for subject: cfs_cfrna_161, healthy control",phenotype: control,batch: 2024.03.05,"test site: Ithaca, NY",Sex: female,38b264c894f0db03c5ffd94b8e0ae5d829c56fcefc1d1299c59756575654217c,https://www.ncbi.nlm.nih.gov/geo/query/acc.cgi?acc=GSM8891454&targ=self&form=text&view=full
GSM8891455,GSE293840,cfs_cfrna_162,"Plasma cell-free RNA, RNA seq for subject: cfs_cfrna_162, healthy control",phenotype: control,batch: 2024.03.05,"test site: Ithaca, NY",Sex: female,5a779e79f1286093039cbd976ba089fe2560b00685e8ec0ee0155f8b0c34dbb5,https://www.ncbi.nlm.nih.gov/geo/query/acc.cgi?acc=GSM8891455&targ=self&form=text&view=full
GSM8891456,GSE293840,cfs_cfrna_163,"Plasma cell-free RNA, RNA seq for subject: cfs_cfrna_163, ME/CFS patient",phenotype: case,batch: 2024.03.05,"test site: Ithaca, NY",Sex: female,ff029fa3ea60c7ca4dbda2fa7d631e010c72c06bf1c51dfffdf4bf74104c7f66,https://www.ncbi.nlm.nih.gov/geo/query/acc.cgi?acc=GSM8891456&targ=self&form=text&view=full
GSM8891457,GSE293840,cfs_cfrna_164,"Plasma cell-free RNA, RNA seq for subject: cfs_cfrna_164, ME/CFS patient",phenotype: case,batch: 2024.03.05,"test site: Ithaca, NY",Sex: female,69ba36a87aa92db0ed4e863fd1bba06cae8df7bde80e16ddbb80984fad9c0ac0,https://www.ncbi.nlm.nih.gov/geo/query/acc.cgi?acc=GSM8891457&targ=self&form=text&view=full
GSM8891458,GSE293840,cfs_cfrna_165,"Plasma cell-free RNA, RNA seq for subject: cfs_cfrna_165, healthy control",phenotype: control,batch: 2024.03.05,"test site: New York City, NY",Sex: female,7be96036ef0ac7a2ea7cbaf03369872d1eacd080060316539b899081fea510b3,https://www.ncbi.nlm.nih.gov/geo/query/acc.cgi?acc=GSM8891458&targ=self&form=text&view=full
GSM8891459,GSE293840,cfs_cfrna_166,"Plasma cell-free RNA, RNA seq for subject: cfs_cfrna_166, ME/CFS patient",phenotype: case,batch: 2024.03.05,"test site: Ithaca, NY",Sex: female,7587196618c11f638a93c2c150fb62bc8d2e467b565619fc231a036db8fed9b4,https://www.ncbi.nlm.nih.gov/geo/query/acc.cgi?acc=GSM8891459&targ=self&form=text&view=full
GSM8891460,GSE293840,cfs_cfrna_167,"Plasma cell-free RNA, RNA seq for subject: cfs_cfrna_167, ME/CFS patient",phenotype: case,batch: 2024.03.05,"test site: Ithaca, NY",Sex: female,32b206572684e13e80bb9994de0e05a6b26b2715721109a65817ad26ae76bc07,https://www.ncbi.nlm.nih.gov/geo/query/acc.cgi?acc=GSM8891460&targ=self&form=text&view=full
GSM8891461,GSE293840,cfs_cfrna_168,"Plasma cell-free RNA, RNA seq for subject: cfs_cfrna_168, healthy control",phenotype: control,batch: 2024.03.05,"test site: Ithaca, NY",Sex: female,2c6a783bb4a6e325783a4b2ceb9ee6fd5c70cea67daf8cc315a514bc9e5735b3,https://www.ncbi.nlm.nih.gov/geo/query/acc.cgi?acc=GSM8891461&targ=self&form=text&view=full
GSM8891462,GSE293840,cfs_cfrna_169,"Plasma cell-free RNA, RNA seq for subject: cfs_cfrna_169, healthy control",phenotype: control,batch: 2024.03.05,"test site: Los Angeles, CA",Sex: female,aa4765f107369e588aa114aced335a2b2b2a1ccb216411997bee71e1aba7d8b8,https://www.ncbi.nlm.nih.gov/geo/query/acc.cgi?acc=GSM8891462&targ=self&form=text&view=full
GSM8891463,GSE293840,cfs_cfrna_170,"Plasma cell-free RNA, RNA seq for subject: cfs_cfrna_170, ME/CFS patient",phenotype: case,batch: 2024.03.05,"test site: Ithaca, NY",Sex: female,1aba73886a288b822f0b75224b2dde87aaa67110490fd1cf46ea0130cff234b8,https://www.ncbi.nlm.nih.gov/geo/query/acc.cgi?acc=GSM8891463&targ=self&form=text&view=full
GSM8891464,GSE293840,cfs_cfrna_171,"Plasma cell-free RNA, RNA seq for subject: cfs_cfrna_171, ME/CFS patient",phenotype: case,batch: 2024.03.05,"test site: Ithaca, NY",Sex: male,a38644dc885b54a4d8c4d875241c0a3ecfc81773a636d14a32a92188a24e2ef0,https://www.ncbi.nlm.nih.gov/geo/query/acc.cgi?acc=GSM8891464&targ=self&form=text&view=full
GSM8891465,GSE293840,cfs_cfrna_173,"Plasma cell-free RNA, RNA seq for subject: cfs_cfrna_173, ME/CFS patient",phenotype: case,batch: 2024.03.05,"test site: New York City, NY",Sex: female,7fd133ac5e2e5f88ceac676928908f43b13121073757c1ffd9352f99e8455fd9,https://www.ncbi.nlm.nih.gov/geo/query/acc.cgi?acc=GSM8891465&targ=self&form=text&view=full
GSM8891466,GSE293840,cfs_cfrna_174,"Plasma cell-free RNA, RNA seq for subject: cfs_cfrna_174, ME/CFS patient",phenotype: case,batch: 2024.03.05,"test site: Los Angeles, CA",Sex: female,0e71b4d08a5583ac86a47d8df2de6a73865c75bf23ce74cf00d587745962bdf4,https://www.ncbi.nlm.nih.gov/geo/query/acc.cgi?acc=GSM8891466&targ=self&form=text&view=full
GSM8891467,GSE293840,cfs_cfrna_177,"Plasma cell-free RNA, RNA seq for subject: cfs_cfrna_177, ME/CFS patient",phenotype: case,batch: 2024.03.05,"test site: Ithaca, NY",Sex: female,c1770061d4d3d277d7baa1358b03b08d89a6cb59d7650e9f2bfffd089bcd46f9,https://www.ncbi.nlm.nih.gov/geo/query/acc.cgi?acc=GSM8891467&targ=self&form=text&view=full
GSM8891468,GSE293840,cfs_cfrna_178,"Plasma cell-free RNA, RNA seq for subject: cfs_cfrna_178, ME/CFS patient",phenotype: case,batch: 2024.03.05,"test site: Ithaca, NY",Sex: female,b0851ff38d3c820ec546353eea2ee3131c42bc187d9058809dbd8321dba271e2,https://www.ncbi.nlm.nih.gov/geo/query/acc.cgi?acc=GSM8891468&targ=self&form=text&view=full
GSM8891469,GSE293840,cfs_cfrna_179,"Plasma cell-free RNA, RNA seq for subject: cfs_cfrna_179, ME/CFS patient",phenotype: case,batch: 2024.03.05,"test site: Los Angeles, CA",Sex: male,6a35d987be668acc8cb937cfa18297f8b0af7f64fb74207260ab30610ea3d9ac,https://www.ncbi.nlm.nih.gov/geo/query/acc.cgi?acc=GSM8891469&targ=self&form=text&view=full
GSM8891470,GSE293840,cfs_cfrna_181,"Plasma cell-free RNA, RNA seq for subject: cfs_cfrna_181, healthy control",phenotype: control,batch: 2024.03.05,"test site: Ithaca, NY",Sex: female,dcd4580298f5290ecfe064a0cc55d97a63b4ae716f684108f33b563686b377ff,https://www.ncbi.nlm.nih.gov/geo/query/acc.cgi?acc=GSM8891470&targ=self&form=text&view=full
GSM8891471,GSE293840,cfs_cfrna_182,"Plasma cell-free RNA, RNA seq for subject: cfs_cfrna_182, ME/CFS patient",phenotype: case,batch: 2024.03.05,"test site: Ithaca, NY",Sex: male,0054a51b8d073164856be6625ac95d32ca9a7068dff5c16e6db203337416b0c1,https://www.ncbi.nlm.nih.gov/geo/query/acc.cgi?acc=GSM8891471&targ=self&form=text&view=full
GSM8891472,GSE293840,cfs_cfrna_183,"Plasma cell-free RNA, RNA seq for subject: cfs_cfrna_183, healthy control",phenotype: control,batch: 2024.03.05,"test site: New York City, NY",Sex: female,c342d2094ddd791227ec44d4177f95a9d1b5b3bc88518a63d346b20008b5e0a9,https://www.ncbi.nlm.nih.gov/geo/query/acc.cgi?acc=GSM8891472&targ=self&form=text&view=full
GSM8891473,GSE293840,cfs_cfrna_184,"Plasma cell-free RNA, RNA seq for subject: cfs_cfrna_184, healthy control",phenotype: control,batch: 2024.03.05,"test site: Los Angeles, CA",Sex: female,cbaa0b3be6108d2ae551843e6cb14c7407081ff1e6a351b84e8d13a0518a98da,https://www.ncbi.nlm.nih.gov/geo/query/acc.cgi?acc=GSM8891473&targ=self&form=text&view=full
GSM8891474,GSE293840,cfs_cfrna_185,"Plasma cell-free RNA, RNA seq for subject: cfs_cfrna_185, healthy control",phenotype: control,batch: 2024.03.05,"test site: Ithaca, NY",Sex: male,f453531f20e7d885e6379e1f01e17e07f06f4286c6c0214a6acd926932cabf33,https://www.ncbi.nlm.nih.gov/geo/query/acc.cgi?acc=GSM8891474&targ=self&form=text&view=full
GSM8891475,GSE293840,cfs_cfrna_186,"Plasma cell-free RNA, RNA seq for subject: cfs_cfrna_186, ME/CFS patient",phenotype: case,batch: 2024.03.05,"test site: New York City, NY",Sex: female,3c83d2567fa1b1019213d9147123c7efc109c5f0c2c47995847b555704fac32e,https://www.ncbi.nlm.nih.gov/geo/query/acc.cgi?acc=GSM8891475&targ=self&form=text&view=full
GSM8891476,GSE293840,cfs_cfrna_187,"Plasma cell-free RNA, RNA seq for subject: cfs_cfrna_187, healthy control",phenotype: control,batch: 2024.03.05,"test site: Ithaca, NY",Sex: female,95de7359281251ebee86966ab193efa35540677a4fbec31f9254c8b730a2d3d2,https://www.ncbi.nlm.nih.gov/geo/query/acc.cgi?acc=GSM8891476&targ=self&form=text&view=full
GSM8891477,GSE293840,cfs_cfrna_188,"Plasma cell-free RNA, RNA seq for subject: cfs_cfrna_188, healthy control",phenotype: control,batch: 2024.03.05,"test site: Los Angeles, CA",Sex: female,66d1270ba4da1172d93522dcf174b41ce2fcfb27a0f0debc23579beca4ed9b98,https://www.ncbi.nlm.nih.gov/geo/query/acc.cgi?acc=GSM8891477&targ=self&form=text&view=full
GSM8891478,GSE293840,cfs_cfrna_189,"Plasma cell-free RNA, RNA seq for subject: cfs_cfrna_189, healthy control",phenotype: control,batch: 2024.03.05,"test site: New York City, NY",Sex: female,7b74827b746261c637696e3844bf14c5cc47c491d7bdf3d8c4a0876ff6edfab3,https://www.ncbi.nlm.nih.gov/geo/query/acc.cgi?acc=GSM8891478&targ=self&form=text&view=full
GSM8891479,GSE293840,cfs_cfrna_190,"Plasma cell-free RNA, RNA seq for subject: cfs_cfrna_190, healthy control",phenotype: control,batch: 2024.03.05,"test site: Ithaca, NY",Sex: male,bc95a50104e9817384b7cdbaf9644fadc066ab36105fbaba7c572dc2b9f7030e,https://www.ncbi.nlm.nih.gov/geo/query/acc.cgi?acc=GSM8891479&targ=self&form=text&view=full
GSM8891480,GSE293840,cfs_cfrna_192,"Plasma cell-free RNA, RNA seq for subject: cfs_cfrna_192, ME/CFS patient",phenotype: case,batch: 2024.03.05,"test site: Los Angeles, CA",Sex: female,6885bf5fba5701428ce8345c9db752cd3cff9149655707dfcd855879fbe4458f,https://www.ncbi.nlm.nih.gov/geo/query/acc.cgi?acc=GSM8891480&targ=self&form=text&view=full
GSM8891481,GSE293840,cfs_cfrna_193,"Plasma cell-free RNA, RNA seq for subject: cfs_cfrna_193, healthy control",phenotype: control,batch: 2024.03.05,"test site: Ithaca, NY",Sex: female,af2c389580ccea0c9f945eb16f0e44906885d20200baaca2410e514f2b9351e8,https://www.ncbi.nlm.nih.gov/geo/query/acc.cgi?acc=GSM8891481&targ=self&form=text&view=full
GSM8891482,GSE293840,cfs_cfrna_194,"Plasma cell-free RNA, RNA seq for subject: cfs_cfrna_194, healthy control",phenotype: control,batch: 2024.03.05,"test site: Ithaca, NY",Sex: female,7330eb9df28ecf9230d5200a10eb488d80fc248ce4415ea3e9efb57fb4f6d8ab,https://www.ncbi.nlm.nih.gov/geo/query/acc.cgi?acc=GSM8891482&targ=self&form=text&view=full
GSM8891483,GSE293840,cfs_cfrna_195,"Plasma cell-free RNA, RNA seq for subject: cfs_cfrna_195, healthy control",phenotype: control,batch: 2024.03.05,"test site: New York City, NY",Sex: male,330ef17f67eb485c085aaa54794f2d812cc96f33f9036b8d3b2f4242462f006b,https://www.ncbi.nlm.nih.gov/geo/query/acc.cgi?acc=GSM8891483&targ=self&form=text&view=full
GSM8891484,GSE293840,cfs_cfrna_196,"Plasma cell-free RNA, RNA seq for subject: cfs_cfrna_196, ME/CFS patient",phenotype: case,batch: 2024.03.05,"test site: Los Angeles, CA",Sex: female,2c874bf77ac1bc13f5dcce041bea77d07e2da5b10110b47ed85767650b576e3e,https://www.ncbi.nlm.nih.gov/geo/query/acc.cgi?acc=GSM8891484&targ=self&form=text&view=full
GSM8891485,GSE293840,cfs_cfrna_197,"Plasma cell-free RNA, RNA seq for subject: cfs_cfrna_197, ME/CFS patient",phenotype: case,batch: 2024.03.05,"test site: New York City, NY",Sex: female,e8b0d5821634dc4778575d83d1ba57952d2432b4c587b33f1965a414d59e5b0c,https://www.ncbi.nlm.nih.gov/geo/query/acc.cgi?acc=GSM8891485&targ=self&form=text&view=full
GSM8891486,GSE293840,cfs_cfrna_198,"Plasma cell-free RNA, RNA seq for subject: cfs_cfrna_198, ME/CFS patient",phenotype: case,batch: 2024.03.05,"test site: Ithaca, NY",Sex: female,ac336ca836d510491e30edfac3de0a7c2269ca0fc8eba1854783413dbfec3e4b,https://www.ncbi.nlm.nih.gov/geo/query/acc.cgi?acc=GSM8891486&targ=self&form=text&view=full
GSM8891487,GSE293840,cfs_cfrna_199,"Plasma cell-free RNA, RNA seq for subject: cfs_cfrna_199, healthy control",phenotype: control,batch: 2024.03.05,"test site: Ithaca, NY",Sex: female,9e907f899f150b0094ee86a1d8ece48c9034c7efc8b9e205553b12a3e29aed3b,https://www.ncbi.nlm.nih.gov/geo/query/acc.cgi?acc=GSM8891487&targ=self&form=text&view=full
GSM8891488,GSE293840,cfs_cfrna_200,"Plasma cell-free RNA, RNA seq for subject: cfs_cfrna_200, ME/CFS patient",phenotype: case,batch: 2024.03.05,"test site: Ithaca, NY",Sex: female,15d35914d05ad8ed10c32a20af324346adcb82ddbe55a9da7e2a0815f86fa363,https://www.ncbi.nlm.nih.gov/geo/query/acc.cgi?acc=GSM8891488&targ=self&form=text&view=full
GSM8891489,GSE293840,cfs_cfrna_201,"Plasma cell-free RNA, RNA seq for subject: cfs_cfrna_201, ME/CFS patient",phenotype: case,batch: 2024.03.05,"test site: New York City, NY",Sex: male,49fb0c746e110df2e5c9f5a2d01110c7fc7940262b8453225e09015e2d689925,https://www.ncbi.nlm.nih.gov/geo/query/acc.cgi?acc=GSM8891489&targ=self&form=text&view=full
GSM8891490,GSE293840,cfs_cfrna_202,"Plasma cell-free RNA, RNA seq for subject: cfs_cfrna_202, ME/CFS patient",phenotype: case,batch: 2024.03.05,"test site: Los Angeles, CA",Sex: female,af17432ea53d882959f70715e8df5c2af3a18546ef9c588bd6cd428246d87521,https://www.ncbi.nlm.nih.gov/geo/query/acc.cgi?acc=GSM8891490&targ=self&form=text&view=full
GSM8891491,GSE293840,cfs_cfrna_204,"Plasma cell-free RNA, RNA seq for subject: cfs_cfrna_204, ME/CFS patient",phenotype: case,batch: 2024.03.05,"test site: Los Angeles, CA",Sex: female,bdf87ad64e2c4ece11f4b578d2df9c117d1a4c977b68f8f8af0ed9ac5194f02c,https://www.ncbi.nlm.nih.gov/geo/query/acc.cgi?acc=GSM8891491&targ=self&form=text&view=full
GSM8891492,GSE293840,cfs_cfrna_205,"Plasma cell-free RNA, RNA seq for subject: cfs_cfrna_205, ME/CFS patient",phenotype: case,batch: 2024.03.05,"test site: Ithaca, NY",Sex: female,027ad7803ce6703e57e77082b992379d6ed8057a6f256a74e07e67937a8b4de8,https://www.ncbi.nlm.nih.gov/geo/query/acc.cgi?acc=GSM8891492&targ=self&form=text&view=full
GSM8891493,GSE293840,cfs_cfrna_206,"Plasma cell-free RNA, RNA seq for subject: cfs_cfrna_206, ME/CFS patient",phenotype: case,batch: 2024.03.05,"test site: Los Angeles, CA",Sex: female,1e1c25daf32bb3cf22f71b29abe46b6ded8d1ed1b4daf2f7948c46da9c4ea6da,https://www.ncbi.nlm.nih.gov/geo/query/acc.cgi?acc=GSM8891493&targ=self&form=text&view=full
GSM8891494,GSE293840,cfs_cfrna_207,"Plasma cell-free RNA, RNA seq for subject: cfs_cfrna_207, healthy control",phenotype: control,batch: 2024.03.05,"test site: New York City, NY",Sex: male,d2c2f533dce3128be22d50bad94f1914ef555969eadde2f67a599b51da5961dd,https://www.ncbi.nlm.nih.gov/geo/query/acc.cgi?acc=GSM8891494&targ=self&form=text&view=full
GSM8891495,GSE293840,cfs_cfrna_208,"Plasma cell-free RNA, RNA seq for subject: cfs_cfrna_208, healthy control",phenotype: control,batch: 2024.03.05,"test site: Ithaca, NY",Sex: female,2d85d7f240213cfe392ff06f9500b46bc974bc9f003ad863d87ea6c222eab12c,https://www.ncbi.nlm.nih.gov/geo/query/acc.cgi?acc=GSM8891495&targ=self&form=text&view=full
GSM8891496,GSE293840,cfs_cfrna_209,"Plasma cell-free RNA, RNA seq for subject: cfs_cfrna_209, healthy control",phenotype: control,batch: 2024.03.05,"test site: New York City, NY",Sex: female,ec1b9583de655a13da4ebf6b8aca8b9e37844404d7f8fa16cf0581892fd30e43,https://www.ncbi.nlm.nih.gov/geo/query/acc.cgi?acc=GSM8891496&targ=self&form=text&view=full
GSM8891497,GSE293840,cfs_cfrna_211,"Plasma cell-free RNA, RNA seq for subject: cfs_cfrna_211, ME/CFS patient",phenotype: case,batch: 2024.06.28,"test site: Ithaca, NY",Sex: female,bcd52724b976477dbf741711394f4a48d4e11709e68f2c4a66f3665247b621f9,https://www.ncbi.nlm.nih.gov/geo/query/acc.cgi?acc=GSM8891497&targ=self&form=text&view=full
GSM8891498,GSE293840,cfs_cfrna_212,"Plasma cell-free RNA, RNA seq for subject: cfs_cfrna_212, healthy control",phenotype: control,batch: 2024.06.28,"test site: Ithaca, NY",Sex: male,1fadb977ee3d346c5caace078d64d9b9d020aec8c3092319ed2671b475b28eda,https://www.ncbi.nlm.nih.gov/geo/query/acc.cgi?acc=GSM8891498&targ=self&form=text&view=full
GSM8891499,GSE293840,cfs_cfrna_213,"Plasma cell-free RNA, RNA seq for subject: cfs_cfrna_213, ME/CFS patient",phenotype: case,batch: 2024.06.28,"test site: Ithaca, NY",Sex: female,4eda89b8fc7635e9c35776b754a3b48cf6ac9d2fc8cf75afc752a036aaacb9d5,https://www.ncbi.nlm.nih.gov/geo/query/acc.cgi?acc=GSM8891499&targ=self&form=text&view=full
GSM8891500,GSE293840,cfs_cfrna_214,"Plasma cell-free RNA, RNA seq for subject: cfs_cfrna_214, healthy control",phenotype: control,batch: 2024.06.28,"test site: Ithaca, NY",Sex: male,a45f7bb0434c671f2e4754153ead70b94b560c41d05b92574a1cef3114a13a79,https://www.ncbi.nlm.nih.gov/geo/query/acc.cgi?acc=GSM8891500&targ=self&form=text&view=full
GSM8891501,GSE293840,cfs_cfrna_215,"Plasma cell-free RNA, RNA seq for subject: cfs_cfrna_215, healthy control",phenotype: control,batch: 2024.06.28,"test site: Ithaca, NY",Sex: male,64b1cb25d393d5ca18df50330aeb9105979c044554fdf5460635939d2eb4cc82,https://www.ncbi.nlm.nih.gov/geo/query/acc.cgi?acc=GSM8891501&targ=self&form=text&view=full
GSM8891502,GSE293840,cfs_cfrna_219,"Plasma cell-free RNA, RNA seq for subject: cfs_cfrna_219, ME/CFS patient",phenotype: case,batch: 2024.06.28,"test site: Ithaca, NY",Sex: female,4d89ce3c9e009a5a885b66a09386768d3575d9a1eaac9bdf0c2a61c6be1e62f6,https://www.ncbi.nlm.nih.gov/geo/query/acc.cgi?acc=GSM8891502&targ=self&form=text&view=full
GSM8891503,GSE293840,cfs_cfrna_220,"Plasma cell-free RNA, RNA seq for subject: cfs_cfrna_220, healthy control",phenotype: control,batch: 2024.06.28,"test site: Ithaca, NY",Sex: male,116382a5a7cc185de0195e71da362f9884b7b99ec8ceca5358e7000fb0f9ddd4,https://www.ncbi.nlm.nih.gov/geo/query/acc.cgi?acc=GSM8891503&targ=self&form=text&view=full
GSM8891504,GSE293840,cfs_cfrna_221,"Plasma cell-free RNA, RNA seq for subject: cfs_cfrna_221, ME/CFS patient",phenotype: case,batch: 2024.06.28,"test site: Ithaca, NY",Sex: female,cf900eb5dd3731a644af4f66047c8a7bb2f977073d438caee2e02161528c39b4,https://www.ncbi.nlm.nih.gov/geo/query/acc.cgi?acc=GSM8891504&targ=self&form=text&view=full
GSM8891505,GSE293840,cfs_cfrna_222,"Plasma cell-free RNA, RNA seq for subject: cfs_cfrna_222, ME/CFS patient",phenotype: case,batch: 2024.06.28,"test site: Ithaca, NY",Sex: female,aa4f7cc9bfb725e5ca15f9002f923430170efe88a7004cdee6e5f629315d8b04,https://www.ncbi.nlm.nih.gov/geo/query/acc.cgi?acc=GSM8891505&targ=self&form=text&view=full
GSM8891506,GSE293840,cfs_cfrna_223,"Plasma cell-free RNA, RNA seq for subject: cfs_cfrna_223, ME/CFS patient",phenotype: case,batch: 2024.06.28,"test site: Ithaca, NY",Sex: female,c6bec84ebf6c2e00cc65fd952bac3740b28183d8e178905e0c0af4d1e0f1e63a,https://www.ncbi.nlm.nih.gov/geo/query/acc.cgi?acc=GSM8891506&targ=self&form=text&view=full
GSM8891507,GSE293840,cfs_cfrna_224,"Plasma cell-free RNA, RNA seq for subject: cfs_cfrna_224, ME/CFS patient",phenotype: case,batch: 2024.06.28,"test site: Ithaca, NY",Sex: female,fc7c7dbccec4e7e50b65a9d22d5200286e42ee9202f43a4ff6835b27666ba0fb,https://www.ncbi.nlm.nih.gov/geo/query/acc.cgi?acc=GSM8891507&targ=self&form=text&view=full
GSM8891508,GSE293840,cfs_cfrna_225,"Plasma cell-free RNA, RNA seq for subject: cfs_cfrna_225, ME/CFS patient",phenotype: case,batch: 2024.06.28,"test site: Ithaca, NY",Sex: female,979c36d423f2705899fada5fbfe976dff84344adb234e3069d453e2ce3b931f4,https://www.ncbi.nlm.nih.gov/geo/query/acc.cgi?acc=GSM8891508&targ=self&form=text&view=full
GSM8891509,GSE293840,cfs_cfrna_226,"Plasma cell-free RNA, RNA seq for subject: cfs_cfrna_226, ME/CFS patient",phenotype: case,batch: 2024.06.28,"test site: Ithaca, NY",Sex: female,f7b3ad4c3303f4cc699c0beaa8f13597b359f2b137b4514e98131c66a40d2249,https://www.ncbi.nlm.nih.gov/geo/query/acc.cgi?acc=GSM8891509&targ=self&form=text&view=full
GSM8891510,GSE293840,cfs_cfrna_230,"Plasma cell-free RNA, RNA seq for subject: cfs_cfrna_230, ME/CFS patient",phenotype: case,batch: 2024.06.28,"test site: Ithaca, NY",Sex: male,e2b89e63b47e091fa641f687323c97c092e6f35814ceb14efacb798b411abf95,https://www.ncbi.nlm.nih.gov/geo/query/acc.cgi?acc=GSM8891510&targ=self&form=text&view=full
GSM8891511,GSE293840,cfs_cfrna_231,"Plasma cell-free RNA, RNA seq for subject: cfs_cfrna_231, ME/CFS patient",phenotype: case,batch: 2024.06.28,"test site: Ithaca, NY",Sex: female,cf5e7f701e09caeb9cce6011ef3f85c80922ef2523f5fd91fea43b6950a2f3bd,https://www.ncbi.nlm.nih.gov/geo/query/acc.cgi?acc=GSM8891511&targ=self&form=text&view=full
GSM8891512,GSE293840,cfs_cfrna_232,"Plasma cell-free RNA, RNA seq for subject: cfs_cfrna_232, healthy control",phenotype: control,batch: 2024.06.28,"test site: Ithaca, NY",Sex: female,a85e4869b2ca0c9decb2c57f1770038f96d4abff57ad6af75e532c71d4ee6b61,https://www.ncbi.nlm.nih.gov/geo/query/acc.cgi?acc=GSM8891512&targ=self&form=text&view=full
GSM8891513,GSE293840,cfs_cfrna_233,"Plasma cell-free RNA, RNA seq for subject: cfs_cfrna_233, ME/CFS patient",phenotype: case,batch: 2024.06.28,"test site: Ithaca, NY",Sex: female,56ea48436e59e348591a1d5db414a29b0565fa8f6e28e17e0397c8f224fdcd2b,https://www.ncbi.nlm.nih.gov/geo/query/acc.cgi?acc=GSM8891513&targ=self&form=text&view=full
GSM8891514,GSE293840,cfs_cfrna_235,"Plasma cell-free RNA, RNA seq for subject: cfs_cfrna_235, ME/CFS patient",phenotype: case,batch: 2024.06.28,"test site: Ithaca, NY",Sex: female,6d06fe82ecc19acf6aec94c7041b79a352f8fe9277633e9a43bc7bb2dd9a2722,https://www.ncbi.nlm.nih.gov/geo/query/acc.cgi?acc=GSM8891514&targ=self&form=text&view=full
GSM8891515,GSE293840,cfs_cfrna_236,"Plasma cell-free RNA, RNA seq for subject: cfs_cfrna_236, healthy control",phenotype: control,batch: 2024.06.28,"test site: Ithaca, NY",Sex: female,1b4c27cb9970e285e55b2dbf78fae7a5246366f3faca2690c90430e068c3e27b,https://www.ncbi.nlm.nih.gov/geo/query/acc.cgi?acc=GSM8891515&targ=self&form=text&view=full
GSM8891516,GSE293840,cfs_cfrna_240,"Plasma cell-free RNA, RNA seq for subject: cfs_cfrna_240, ME/CFS patient",phenotype: case,batch: 2024.06.28,"test site: Ithaca, NY",Sex: female,99c481ab4e53b28602212982281482015fcac1af6c3c92911345dac3eff2ac23,https://www.ncbi.nlm.nih.gov/geo/query/acc.cgi?acc=GSM8891516&targ=self&form=text&view=full
GSM8891517,GSE293840,cfs_cfrna_241,"Plasma cell-free RNA, RNA seq for subject: cfs_cfrna_241, ME/CFS patient",phenotype: case,batch: 2024.06.28,"test site: Ithaca, NY",Sex: female,42a395f283c4a369d4239b560674bbcc574ae287b4f8f7aca15bfde6e53c0760,https://www.ncbi.nlm.nih.gov/geo/query/acc.cgi?acc=GSM8891517&targ=self&form=text&view=full
GSM8891518,GSE293840,cfs_cfrna_242,"Plasma cell-free RNA, RNA seq for subject: cfs_cfrna_242, ME/CFS patient",phenotype: case,batch: 2024.06.28,"test site: Ithaca, NY",Sex: male,d201215fd084b205c41185731830432a512e84506a3ea24c016351978ed8489a,https://www.ncbi.nlm.nih.gov/geo/query/acc.cgi?acc=GSM8891518&targ=self&form=text&view=full
GSM8891519,GSE293840,cfs_cfrna_243,"Plasma cell-free RNA, RNA seq for subject: cfs_cfrna_243, healthy control",phenotype: control,batch: 2024.06.28,"test site: Ithaca, NY",Sex: female,713e2b89323b11bf6e6a87a83fd45a32129a077ea264a2bd16dfd7c3ef560452,https://www.ncbi.nlm.nih.gov/geo/query/acc.cgi?acc=GSM8891519&targ=self&form=text&view=full
GSM8891520,GSE293840,cfs_cfrna_244,"Plasma cell-free RNA, RNA seq for subject: cfs_cfrna_244, healthy control",phenotype: control,batch: 2024.06.28,"test site: Ithaca, NY",Sex: female,72a93dc55fdc50a019ac15c1bb6da5bdda7b1064ce8b458d108bc7230c29b684,https://www.ncbi.nlm.nih.gov/geo/query/acc.cgi?acc=GSM8891520&targ=self&form=text&view=full
GSM8891521,GSE293840,cfs_cfrna_245,"Plasma cell-free RNA, RNA seq for subject: cfs_cfrna_245, ME/CFS patient",phenotype: case,batch: 2024.06.28,"test site: Ithaca, NY",Sex: male,ddc5025b659b29e175a2fabab0b55d752291dd5a85d6ecf820bd262c1667d6e2,https://www.ncbi.nlm.nih.gov/geo/query/acc.cgi?acc=GSM8891521&targ=self&form=text&view=full
GSM8891522,GSE293840,cfs_cfrna_246,"Plasma cell-free RNA, RNA seq for subject: cfs_cfrna_246, healthy control",phenotype: control,batch: 2024.06.28,"test site: Ithaca, NY",Sex: male,cfc87af74230114a13ddd0d2218f6b24bfe06d23e315711c683ac6811ba7ee65,https://www.ncbi.nlm.nih.gov/geo/query/acc.cgi?acc=GSM8891522&targ=self&form=text&view=full
GSM8891523,GSE293840,cfs_cfrna_247,"Plasma cell-free RNA, RNA seq for subject: cfs_cfrna_247, ME/CFS patient",phenotype: case,batch: 2024.06.28,"test site: Ithaca, NY",Sex: female,6de08437e542dec58d1f8a6d0060b5821ccc34041bc127efaea3fec8414cabb5,https://www.ncbi.nlm.nih.gov/geo/query/acc.cgi?acc=GSM8891523&targ=self&form=text&view=full
GSM8891524,GSE293840,cfs_cfrna_248,"Plasma cell-free RNA, RNA seq for subject: cfs_cfrna_248, ME/CFS patient",phenotype: case,batch: 2024.06.28,"test site: Ithaca, NY",Sex: male,6480a4e7e8db868a04c10475d0be364587d4280498559c086254e1e5552a8a1b,https://www.ncbi.nlm.nih.gov/geo/query/acc.cgi?acc=GSM8891524&targ=self&form=text&view=full
GSM8891525,GSE293840,cfs_cfrna_251,"Plasma cell-free RNA, RNA seq for subject: cfs_cfrna_251, ME/CFS patient",phenotype: case,batch: 2024.06.28,"test site: Ithaca, NY",Sex: female,8f7eca7074b7225054258e2fcac96580f8e3cbd27206d4e8d96004e2c6220793,https://www.ncbi.nlm.nih.gov/geo/query/acc.cgi?acc=GSM8891525&targ=self&form=text&view=full
GSM8891526,GSE293840,cfs_cfrna_252,"Plasma cell-free RNA, RNA seq for subject: cfs_cfrna_252, healthy control",phenotype: control,batch: 2024.06.28,"test site: Ithaca, NY",Sex: female,002a297bd93cf7074dae239029bdee0b8f2d3fa2429658db27444c41792a43c1,https://www.ncbi.nlm.nih.gov/geo/query/acc.cgi?acc=GSM8891526&targ=self&form=text&view=full
GSM8891527,GSE293840,cfs_cfrna_253,"Plasma cell-free RNA, RNA seq for subject: cfs_cfrna_253, ME/CFS patient",phenotype: case,batch: 2024.06.28,"test site: Ithaca, NY",Sex: female,74349a98a88fc46901f4d68948a18f6d27c84ff69f2da460d2d2a003198c7168,https://www.ncbi.nlm.nih.gov/geo/query/acc.cgi?acc=GSM8891527&targ=self&form=text&view=full
GSM8891528,GSE293840,cfs_cfrna_254,"Plasma cell-free RNA, RNA seq for subject: cfs_cfrna_254, ME/CFS patient",phenotype: case,batch: 2024.06.28,"test site: Ithaca, NY",Sex: male,172dc5b0fc0b9a68a6f4cb27439a9aa6f3c80c0f7594f7b96a2aa0d2fc90563a,https://www.ncbi.nlm.nih.gov/geo/query/acc.cgi?acc=GSM8891528&targ=self&form=text&view=full
GSM8891529,GSE293840,cfs_cfrna_255,"Plasma cell-free RNA, RNA seq for subject: cfs_cfrna_255, healthy control",phenotype: control,batch: 2024.06.28,"test site: Ithaca, NY",Sex: male,463a149043e5d4c212458e9d4036d9e279e8057ac698eaf23a784b7c9592565b,https://www.ncbi.nlm.nih.gov/geo/query/acc.cgi?acc=GSM8891529&targ=self&form=text&view=full
GSM8891530,GSE293840,cfs_cfrna_256,"Plasma cell-free RNA, RNA seq for subject: cfs_cfrna_256, healthy control",phenotype: control,batch: 2024.06.28,"test site: Ithaca, NY",Sex: female,f09dce440be6450a3ebcc9995bbd1f08340003c14e8a8405653d044fff7d9823,https://www.ncbi.nlm.nih.gov/geo/query/acc.cgi?acc=GSM8891530&targ=self&form=text&view=full
GSM8891531,GSE293840,cfs_cfrna_257,"Plasma cell-free RNA, RNA seq for subject: cfs_cfrna_257, healthy control",phenotype: control,batch: 2024.06.28,"test site: Ithaca, NY",Sex: male,19b5ba2bff1075f08d02c03fe6f69e8d9e667231fa7caad03882b15a5cfcff7a,https://www.ncbi.nlm.nih.gov/geo/query/acc.cgi?acc=GSM8891531&targ=self&form=text&view=full
GSM8891532,GSE293840,cfs_cfrna_258,"Plasma cell-free RNA, RNA seq for subject: cfs_cfrna_258, ME/CFS patient",phenotype: case,batch: 2024.06.28,"test site: Ithaca, NY",Sex: female,180c4f6b3a301ed5972120880e4c3894424d873816444ab244c30f540157f1a7,https://www.ncbi.nlm.nih.gov/geo/query/acc.cgi?acc=GSM8891532&targ=self&form=text&view=full
GSM8891533,GSE293840,cfs_cfrna_259,"Plasma cell-free RNA, RNA seq for subject: cfs_cfrna_259, ME/CFS patient",phenotype: case,batch: 2024.06.28,"test site: Ithaca, NY",Sex: male,057f4007fb5081c37cd8d42467700bdb67b84f8003aa93c9864737c1892c3a67,https://www.ncbi.nlm.nih.gov/geo/query/acc.cgi?acc=GSM8891533&targ=self&form=text&view=full
GSM8891534,GSE293840,cfs_cfrna_260,"Plasma cell-free RNA, RNA seq for subject: cfs_cfrna_260, healthy control",phenotype: control,batch: 2024.06.28,"test site: Ithaca, NY",Sex: female,d72e617133577dfa3831b2675f5734cde43e779af43ea89eb1844069dddfea89,https://www.ncbi.nlm.nih.gov/geo/query/acc.cgi?acc=GSM8891534&targ=self&form=text&view=full
GSM8891535,GSE293840,cfs_cfrna_264,"Plasma cell-free RNA, RNA seq for subject: cfs_cfrna_264, healthy control",phenotype: control,batch: 2024.06.28,"test site: Ithaca, NY",Sex: female,68ca3777d4b42f73dbc096f1a6984e4a8048793692e5561129fdb30585e982f2,https://www.ncbi.nlm.nih.gov/geo/query/acc.cgi?acc=GSM8891535&targ=self&form=text&view=full
GSM8891536,GSE293840,cfs_cfrna_265,"Plasma cell-free RNA, RNA seq for subject: cfs_cfrna_265, ME/CFS patient",phenotype: case,batch: 2024.06.28,"test site: Ithaca, NY",Sex: female,ea09530790e2d2a6417b78df569c4321922e67c417d7fbb63f1826dab6ddd56c,https://www.ncbi.nlm.nih.gov/geo/query/acc.cgi?acc=GSM8891536&targ=self&form=text&view=full
GSM8891537,GSE293840,cfs_cfrna_266,"Plasma cell-free RNA, RNA seq for subject: cfs_cfrna_266, ME/CFS patient",phenotype: case,batch: 2024.06.28,"test site: Ithaca, NY",Sex: female,6494ec104a45cb30331a69c25cf4a9f74158e53aec0c4936fdf9375b045bf3df,https://www.ncbi.nlm.nih.gov/geo/query/acc.cgi?acc=GSM8891537&targ=self&form=text&view=full
GSM8891538,GSE293840,cfs_cfrna_267,"Plasma cell-free RNA, RNA seq for subject: cfs_cfrna_267, healthy control",phenotype: control,batch: 2024.06.28,"test site: Ithaca, NY",Sex: male,1b34f8b804c55167b56477a1d4294c438957f8fcaeb62a31c0b3f8d5e60dbfdf,https://www.ncbi.nlm.nih.gov/geo/query/acc.cgi?acc=GSM8891538&targ=self&form=text&view=full
GSM8891539,GSE293840,cfs_cfrna_268,"Plasma cell-free RNA, RNA seq for subject: cfs_cfrna_268, healthy control",phenotype: control,batch: 2024.06.28,"test site: Ithaca, NY",Sex: female,70cc9ea149a43724cd62f74e0136614d01702df2ab3ff86c9af4896dd77bc941,https://www.ncbi.nlm.nih.gov/geo/query/acc.cgi?acc=GSM8891539&targ=self&form=text&view=full
GSM8891540,GSE293840,cfs_cfrna_270,"Plasma cell-free RNA, RNA seq for subject: cfs_cfrna_270, ME/CFS patient",phenotype: case,batch: 2024.06.28,"test site: Ithaca, NY",Sex: female,e49fb6356481614a75c95efcd29d09401daca2671eaad02a9ccf0fe02e026f33,https://www.ncbi.nlm.nih.gov/geo/query/acc.cgi?acc=GSM8891540&targ=self&form=text&view=full
GSM8891541,GSE293840,cfs_cfrna_271,"Plasma cell-free RNA, RNA seq for subject: cfs_cfrna_271, healthy control",phenotype: control,batch: 2024.06.28,"test site: Ithaca, NY",Sex: female,c5662af800d7a28cca02a681fc87a9f35c17f900a578ca9f50425639dbaac396,https://www.ncbi.nlm.nih.gov/geo/query/acc.cgi?acc=GSM8891541&targ=self&form=text&view=full
GSM8891542,GSE293840,cfs_cfrna_272,"Plasma cell-free RNA, RNA seq for subject: cfs_cfrna_272, ME/CFS patient",phenotype: case,batch: 2024.06.28,"test site: Ithaca, NY",Sex: female,a75eb237f11d5e413294ba83dd48bca3517dab340397a7f396b9f987e1cf668e,https://www.ncbi.nlm.nih.gov/geo/query/acc.cgi?acc=GSM8891542&targ=self&form=text&view=full
